model,bf_set,params,LOOCV_RMSE_log1p,LOOCV_MAE_log1p,LOOCV_R2_log1p,LOOCV_MAPE_log1p,LOOCV_SMAPE_log1p,LOOCV_RMSE_orig,LOOCV_MAE_orig,LOOCV_R2_orig,LOOCV_MAPE_orig,LOOCV_SMAPE_orig,rank_within_bfset
ET,BF1,"{'criterion': 'absolute_error', 'max_features': 0.7, 'min_samples_split': 2, 'n_estimators': 150}",0.46017006,0.343221624,0.668775487,8.424799752,8.338108011,41.04157986,28.75783273,0.405776861,37.16694493,33.62372211,1
KNN,BF1,"{'n_neighbors': 4, 'weights': 'distance'}",0.50678391,0.379232526,0.598272662,9.93069026,9.386108556,39.81647149,29.7840824,0.440723,47.89257373,36.85371924,2
SVR_rbf,BF1,"{'C': 1.0, 'gamma': 0.25}",0.523289778,0.418184342,0.571678127,11.03608659,10.31829154,40.12969201,32.41417951,0.431889166,54.92505963,40.81161643,3
RF,BF1,"{'criterion': 'absolute_error', 'max_features': 0.7, 'min_samples_split': 2, 'n_estimators': 150}",0.536093844,0.419156043,0.550460983,10.66153104,10.40161878,42.64530756,32.20070608,0.358430189,47.48016396,40.71890625,4
GB,BF1,"{'learning_rate': 0.1, 'max_depth': 2, 'n_estimators': 100}",0.548382646,0.394634628,0.529615333,10.19062248,9.929834948,40.50365634,29.81243058,0.421251501,45.79655459,37.82098884,5
CB,BF1,"{'depth': 3, 'iterations': 100, 'learning_rate': 0.1}",0.551636238,0.421805499,0.524017125,10.88423812,10.51725148,42.92334513,32.17084524,0.350037143,50.07023105,40.77882158,6
HGB,BF1,"{'learning_rate': 0.1, 'max_iter': 100, 'max_leaf_nodes': 7, 'min_samples_leaf': 10}",0.579591358,0.445429551,0.474552228,11.32222086,11.00921059,44.25742941,33.89844332,0.309006775,50.90885193,42.83997236,7
AB,BF1,"{'learning_rate': 0.05, 'n_estimators': 100}",0.582755053,0.453991868,0.468800268,11.52581681,11.35661992,43.55089127,34.26435549,0.330893093,51.3892029,43.63212911,8
LGBM,BF1,"{'learning_rate': 0.1, 'max_depth': 2, 'min_child_samples': 10, 'n_estimators': 100}",0.584212909,0.443504764,0.466139179,11.32454678,10.97948693,44.38580766,33.57139031,0.30499221,51.40534157,42.58162095,9
MLP,BF1,"{'activation': 'tanh', 'alpha': 0.01, 'hidden_layer_sizes': (16,), 'learning_rate_init': 0.001}",0.605713142,0.524149062,0.426121777,13.32205951,13.37197391,45.57815902,37.69580215,0.267150194,55.71156822,51.11369211,10
XGB,BF1,"{'learning_rate': 0.1, 'max_depth': 2, 'n_estimators': 100}",0.6080199,0.426425791,0.421742414,11.09907171,10.84988924,41.68639601,31.02988052,0.386958157,50.36555647,40.18243057,11
SVR_poly,BF1,"{'C': 0.25, 'degree': 2, 'gamma': 0.25}",0.627684661,0.484953012,0.383733185,13.55660971,12.10110186,41.61666046,35.25007667,0.389007509,77.03124123,46.23122635,12
DT,BF1,"{'criterion': 'squared_error', 'max_features': 0.7, 'min_samples_split': 6}",0.630088063,0.439179893,0.379004783,11.47345814,11.19432787,42.91149373,31.07854613,0.350396011,54.68657003,41.16996141,13
Elastic,BF1,"{'alpha': 0.1, 'fit_intercept': True, 'l1_ratio': 0.4}",0.678415063,0.557177906,0.28009247,14.56087523,14.01807101,49.05815621,39.26117307,0.150968385,66.15894262,53.26044708,14
Ridge,BF1,"{'alpha': 0.1, 'fit_intercept': True}",0.682863401,0.549196795,0.270620714,14.08836441,13.70538156,50.09661501,39.74003278,0.114643496,64.79809131,52.32404233,15
LR,BF1,{'fit_intercept': True},0.683401829,0.548901982,0.269470052,14.0546508,13.66417154,50.44958982,39.94421542,0.102123309,65.11789457,52.29008818,16
Lasso,BF1,"{'alpha': 0.001, 'fit_intercept': True}",0.684786219,0.550366698,0.266507336,14.11451756,13.72399414,50.31183256,39.87465548,0.107020084,65.16895579,52.41770925,17
SVR_sigmoid,BF1,"{'C': 4.0, 'gamma': 0.03125}",0.751658289,0.596033853,0.116255643,15.36019327,15.31218308,50.28272015,40.52422441,0.108053212,66.40905991,55.77898397,18
SVR_linear,BF1,{'C': 0.25},0.754281271,0.561959279,0.110077065,14.08340453,14.4719789,49.48581398,38.89086006,0.136101231,58.62091862,51.8600255,19
ET,BF2,"{'criterion': 'absolute_error', 'max_features': 1.0, 'min_samples_split': 4, 'n_estimators': 150}",0.456548672,0.359838193,0.673968232,9.073029874,8.916287919,40.57276812,28.97777266,0.419274768,39.76744059,35.5271377,1
KNN,BF2,"{'n_neighbors': 3, 'weights': 'distance'}",0.508331934,0.378645158,0.595814678,9.885308261,9.305811272,39.44481188,30.1207138,0.451115209,48.79313444,36.69325712,2
SVR_rbf,BF2,"{'C': 1.0, 'gamma': 0.25}",0.523228395,0.418130003,0.571778605,11.03478468,10.31721822,40.12270649,32.40670567,0.432086935,54.91339192,40.80655553,3
RF,BF2,"{'criterion': 'absolute_error', 'max_features': 0.7, 'min_samples_split': 2, 'n_estimators': 50}",0.536676985,0.41155496,0.54948247,10.45770754,10.23521203,42.43850026,31.49732874,0.364637653,46.31165714,39.91965982,4
CB,BF2,"{'depth': 3, 'iterations': 100, 'learning_rate': 0.1}",0.546582132,0.42122374,0.532699105,10.75805758,10.44428065,42.84202185,32.44931835,0.352497671,49.08907147,40.7662693,5
GB,BF2,"{'learning_rate': 0.1, 'max_depth': 2, 'n_estimators': 100}",0.548049888,0.395295987,0.530186017,10.21081023,9.948455459,40.40834125,29.825153,0.423972172,45.89827719,37.89135694,6
AB,BF2,"{'learning_rate': 0.1, 'n_estimators': 25}",0.556425511,0.419845453,0.515716338,10.68838312,10.41433052,43.18825888,32.85904911,0.34198952,49.4790193,40.40620262,7
HGB,BF2,"{'learning_rate': 0.1, 'max_iter': 100, 'max_leaf_nodes': 7, 'min_samples_leaf': 10}",0.579591358,0.445429551,0.474552228,11.32222086,11.00921059,44.25742941,33.89844332,0.309006775,50.90885193,42.83997236,8
LGBM,BF2,"{'learning_rate': 0.1, 'max_depth': 2, 'min_child_samples': 10, 'n_estimators': 100}",0.584212909,0.443504764,0.466139179,11.32454678,10.97948693,44.38580766,33.57139031,0.30499221,51.40534157,42.58162095,9
DT,BF2,"{'criterion': 'absolute_error', 'max_features': 0.7, 'min_samples_split': 4}",0.586636899,0.441647945,0.461699845,10.82877653,11.1459803,44.17521969,32.87207192,0.311571479,43.61049559,42.22675587,10
XGB,BF2,"{'learning_rate': 0.1, 'max_depth': 2, 'n_estimators': 100}",0.6080199,0.426425791,0.421742414,11.09907171,10.84988924,41.68639601,31.02988052,0.386958157,50.36555647,40.18243057,11
MLP,BF2,"{'activation': 'tanh', 'alpha': 0.01, 'hidden_layer_sizes': (16,), 'learning_rate_init': 0.001}",0.618930249,0.529609356,0.400803638,13.44484851,13.60970468,44.70164557,37.18978819,0.295066029,54.98969561,51.52868675,12
SVR_poly,BF2,"{'C': 0.25, 'degree': 2, 'gamma': 0.25}",0.62700097,0.4818781,0.385074962,13.49880753,12.03716732,41.46297732,34.94037915,0.393511756,76.8463333,45.91735059,13
Elastic,BF2,"{'alpha': 0.1, 'fit_intercept': True, 'l1_ratio': 0.4}",0.679478961,0.557864228,0.277832766,14.58135998,14.03618671,49.14169487,39.29568471,0.148074377,66.21000675,53.31482562,14
Ridge,BF2,"{'alpha': 0.1, 'fit_intercept': True}",0.68327767,0.549765326,0.269735469,14.11058018,13.73086288,49.99208382,39.70850169,0.118334396,64.72608387,52.37147235,15
LR,BF2,{'fit_intercept': True},0.683401829,0.548901982,0.269470052,14.0546508,13.66417154,50.44958982,39.94421542,0.102123309,65.11789457,52.29008818,16
Lasso,BF2,"{'alpha': 0.001, 'fit_intercept': True}",0.684887586,0.550461801,0.266290167,14.11762203,13.72726652,50.30671581,39.87545529,0.107201708,65.17186695,52.42545151,17
SVR_linear,BF2,{'C': 0.03125},0.752444308,0.617319998,0.11440639,16.72737147,15.40196242,51.55451609,43.39169908,0.06236276,88.45968758,58.11265793,18
SVR_sigmoid,BF2,"{'C': 1.0, 'gamma': 0.03125}",0.755129415,0.621830762,0.108074608,16.8258386,15.54172162,51.65635789,43.43388361,0.058654647,87.9544688,58.56051529,19
ET,BF3,"{'criterion': 'absolute_error', 'max_features': 1.0, 'min_samples_split': 4, 'n_estimators': 100}",0.463009547,0.359446505,0.664675224,9.167094419,8.954316555,40.1491586,28.41663337,0.43133786,40.38368846,35.39835348,1
KNN,BF3,"{'n_neighbors': 3, 'weights': 'distance'}",0.51282861,0.379321065,0.588632248,9.983269869,9.366062679,39.19557653,29.69090677,0.458029645,49.50142336,36.70973962,2
DT,BF3,"{'criterion': 'absolute_error', 'max_features': 0.7, 'min_samples_split': 8}",0.518863509,0.387612996,0.578893439,9.818633495,9.681169789,43.18134953,30.62402446,0.342200043,43.1427278,37.65175176,3
SVR_rbf,BF3,"{'C': 1.0, 'gamma': 0.25}",0.527465789,0.419576201,0.564814572,11.08027648,10.35590625,40.32683355,32.49171293,0.426293641,55.25614786,40.90913623,4
GB,BF3,"{'learning_rate': 0.1, 'max_depth': 2, 'n_estimators': 100}",0.548266592,0.396854707,0.529814407,10.25940908,9.998430002,40.40746692,29.85333497,0.423997099,46.04507557,38.05399319,5
CB,BF3,"{'depth': 4, 'iterations': 100, 'learning_rate': 0.1}",0.551476975,0.423090041,0.524291928,10.84130201,10.46141869,43.76199615,32.9274238,0.324390628,50.28230861,40.88494737,6
RF,BF3,"{'criterion': 'absolute_error', 'max_features': 0.7, 'min_samples_split': 4, 'n_estimators': 50}",0.553260436,0.434007826,0.5212101,11.06817722,10.81753587,42.9915076,32.95922033,0.347971216,48.82749224,42.06129297,7
AB,BF3,"{'learning_rate': 0.05, 'n_estimators': 50}",0.563366391,0.443290989,0.503559024,11.28471206,11.04746607,43.17348958,33.7487108,0.34243949,50.96090437,42.84828988,8
HGB,BF3,"{'learning_rate': 0.1, 'max_iter': 100, 'max_leaf_nodes': 7, 'min_samples_leaf': 10}",0.579591358,0.445429551,0.474552228,11.32222086,11.00921059,44.25742941,33.89844332,0.309006775,50.90885193,42.83997236,9
LGBM,BF3,"{'learning_rate': 0.1, 'max_depth': 2, 'min_child_samples': 10, 'n_estimators': 100}",0.584212909,0.443504764,0.466139179,11.32454678,10.97948693,44.38580766,33.57139031,0.30499221,51.40534157,42.58162095,10
XGB,BF3,"{'learning_rate': 0.1, 'max_depth': 2, 'n_estimators': 100}",0.6080199,0.426425791,0.421742414,11.09907171,10.84988924,41.68639601,31.02988052,0.386958157,50.36555647,40.18243057,11
SVR_poly,BF3,"{'C': 0.25, 'degree': 2, 'gamma': 0.25}",0.636505762,0.486464416,0.36629019,13.6651168,12.14088942,41.7501649,35.20666236,0.385081146,79.05465895,46.20928298,12
MLP,BF3,"{'activation': 'tanh', 'alpha': 0.1, 'hidden_layer_sizes': (16,), 'learning_rate_init': 0.001}",0.643408275,0.532882034,0.35247128,13.71500012,13.80614542,45.64222475,37.21884288,0.265088525,57.0538028,51.441529,13
Elastic,BF3,"{'alpha': 0.1, 'fit_intercept': True, 'l1_ratio': 0.4}",0.679479013,0.557864254,0.277832656,14.58136106,14.03618736,49.14169558,39.29568581,0.148074353,66.21001777,53.31482727,14
Ridge,BF3,"{'alpha': 10.0, 'fit_intercept': True}",0.68566198,0.565771489,0.264630033,14.79236304,14.20885153,50.0440208,39.95868558,0.116501513,67.46100543,54.06915466,15
Lasso,BF3,"{'alpha': 0.01, 'fit_intercept': True}",0.688910285,0.553054632,0.25764594,14.32278251,13.94831693,49.10175693,39.0278035,0.149458551,64.2908789,52.56963067,16
LR,BF3,{'fit_intercept': True},0.69638953,0.559833991,0.241439511,14.46763995,14.1275636,49.56985645,39.51291657,0.133164396,64.84460206,53.14131377,17
SVR_sigmoid,BF3,"{'C': 4.0, 'gamma': 0.03125}",0.739116742,0.575641516,0.145500465,14.6353358,14.72125825,50.17639813,39.85573318,0.111821239,62.3073808,53.77198435,18
SVR_linear,BF3,{'C': 1.0},0.742899958,0.548328941,0.136730457,13.72065093,14.15549041,48.36441866,38.14187919,0.174811129,56.78409537,50.60740905,19
AB,BF4,"{'learning_rate': 0.05, 'n_estimators': 25}",0.550968691,0.424334254,0.525168422,11.01889065,10.65267772,41.98173462,31.80135365,0.378240862,51.08107578,41.06671643,1
ET,BF4,"{'criterion': 'absolute_error', 'max_features': 1.0, 'min_samples_split': 2, 'n_estimators': 50}",0.564850876,0.421418478,0.500939308,10.68840905,10.48421753,44.6534197,32.05352467,0.296586228,47.21276391,40.58080413,2
HGB,BF4,"{'learning_rate': 0.1, 'max_iter': 100, 'max_leaf_nodes': 7, 'min_samples_leaf': 10}",0.566599383,0.435082462,0.497844821,11.06776296,10.76724418,43.55683889,33.02454792,0.330710324,49.29134527,41.97091672,3
LGBM,BF4,"{'learning_rate': 0.1, 'max_depth': 2, 'min_child_samples': 10, 'n_estimators': 100}",0.568556016,0.438892399,0.494370657,11.17926829,10.8454618,43.80343357,33.48811273,0.323110578,50.27595019,42.33955022,4
RF,BF4,"{'criterion': 'squared_error', 'max_features': 0.7, 'min_samples_split': 6, 'n_estimators': 50}",0.577870542,0.447356114,0.477667724,11.43281348,11.16565995,43.80151953,33.34409995,0.323169732,50.7515587,43.106742,5
GB,BF4,"{'learning_rate': 0.1, 'max_depth': 2, 'n_estimators': 100}",0.588539692,0.418076297,0.458202164,10.84511496,10.60760035,42.05768294,30.77247875,0.375989203,49.49329102,39.76924054,6
CB,BF4,"{'depth': 2, 'iterations': 100, 'learning_rate': 0.1}",0.61186971,0.473958153,0.414396504,12.25734143,11.89189175,44.63173184,34.83418384,0.297269349,56.30416305,45.31347321,7
DT,BF4,"{'criterion': 'absolute_error', 'max_features': 1.0, 'min_samples_split': 8}",0.61558622,0.436786203,0.407260963,11.8186345,11.13484713,43.84302076,31.46139076,0.321886553,63.09491356,41.21778311,8
XGB,BF4,"{'learning_rate': 0.1, 'max_depth': 2, 'n_estimators': 50}",0.617295577,0.448660609,0.403964562,11.63841867,11.29000914,43.8977733,33.01340608,0.320191796,53.85093008,42.4409416,9
KNN,BF4,"{'n_neighbors': 7, 'weights': 'distance'}",0.679106149,0.486456297,0.278625017,13.55011141,12.09095654,46.2622517,35.85613662,0.24498609,80.03159037,45.39163389,10
MLP,BF4,"{'activation': 'relu', 'alpha': 0.1, 'hidden_layer_sizes': (16, 8), 'learning_rate_init': 0.001}",0.684903768,0.523111732,0.266255495,13.45660079,13.12122027,49.86414278,38.73561448,0.122841385,63.34245513,49.37831818,11
SVR_rbf,BF4,"{'C': 1.0, 'gamma': 1.0}",0.706284927,0.527577363,0.219728709,14.73287892,13.15158697,46.86404498,38.02263225,0.225215434,84.99407613,49.29744773,12
Elastic,BF4,"{'alpha': 0.1, 'fit_intercept': True, 'l1_ratio': 0.4}",0.763554966,0.636307759,0.088059794,16.8566523,16.01636946,53.13941791,43.49151875,0.003826455,80.36951615,60.04396582,13
Lasso,BF4,"{'alpha': 0.1, 'fit_intercept': True}",0.771960206,0.648655886,0.067871947,17.26186934,16.28941083,53.97251452,44.3733001,-0.027653539,83.47873808,61.2063361,14
Ridge,BF4,"{'alpha': 10.0, 'fit_intercept': True}",0.772211041,0.645871078,0.067266091,17.1140769,16.23239727,53.98410992,44.20543842,-0.028095147,82.09625556,60.91536439,15
LR,BF4,{'fit_intercept': True},0.785856301,0.644324666,0.034011333,16.94995516,16.27647045,53.72971759,43.74873124,-0.018428476,80.05566196,60.37610725,16
SVR_poly,BF4,"{'C': 0.25, 'degree': 3, 'gamma': 0.25}",0.789105203,0.627054547,0.026007607,17.81358414,15.58057472,51.50140969,44.44162184,0.064293488,109.387495,58.1598317,17
SVR_sigmoid,BF4,"{'C': 4.0, 'gamma': 0.03125}",0.81011461,0.62191062,-0.026546627,15.98088347,15.96445763,51.10872658,41.58685253,0.078508064,71.23677929,57.06910771,18
SVR_linear,BF4,{'C': 0.25},0.832642904,0.625580159,-0.084434489,15.85641657,16.13127654,51.46482808,41.86089048,0.065622287,69.29911101,56.81770929,19
