Substrate concentration,Temperature,Applied voltage,Reactor working volume,S/V ratio,Current density
2.3,30,0.6,26,27,135.0
0.8,26,0.6,26,27,125.0
2.1,4,0.8,26,27,50.0
1.1,28,0.8,26,27,144.0
1.2,30,0.9,28,25,115.0
4.1,30,0.7,28,25,38.0
2.5,25,0.9,462,4,13.0
2.1,25,0.6,26,27,113.0
1.1,33,0.6,26,27,76.0
1.2,30,0.5,28,25,116.0
12.2,25,0.8,25,28,12.0
12.2,25,1.0,25,28,20.0
12.2,25,0.6,25,28,10.0
2.5,25,0.5,462,4,26.0
1.2,30,0.9,28,25,85.0
4.1,19,0.6,26,27,129.0
14.5,30,0.5,28,25,112.0
0.8,32,0.6,26,27,68.0
2.2,30,0.9,28,25,161.0
1.2,30,0.9,28,25,173.0
0.5,25,0.6,26,27,67.0
1.2,30,0.9,28,25,90.0
14.5,30,0.5,28,25,92.0
1.2,30,0.9,28,25,143.0
8.1,30,0.7,28,25,25.0
1.6,29,0.6,26,27,121.0
0.5,31,0.6,26,27,33.0
1.2,30,0.5,28,25,35.0
1.1,30,0.5,28,25,115.0
1.1,34,0.8,26,27,111.0
4.1,30,0.7,28,25,30.0
8.1,30,0.7,28,25,25.0
1.1,27,0.6,26,27,132.0
2.5,25,0.7,462,4,19.0
1.2,30,0.9,28,25,63.0
1.2,30,0.9,28,25,221.0
1.1,30,0.9,28,25,182.0
2.3,36,0.6,26,27,93.0
2.1,4,0.6,26,27,38.0
1.6,35,0.6,26,27,77.0
