KNN_BF3,ET_BF4,ET_BF3,SVR_rbf_BF3,CB_BF3,GB_BF3,GB_BF4,DT_BF3,CB_BF4,DT_BF4,SVR_rbf_BF4,XGB_BF4,XGB_BF3,RF_BF3,KNN_BF4,GB_BF2,GB_BF1,RF_BF4,SVR_rbf_BF1,SVR_rbf_BF2,CB_BF2,ET_BF2,ET_BF1,CB_BF1,XGB_BF2,XGB_BF1,DT_BF2,DT_BF1,SVR_linear_BF3,RF_BF2,H2 production rate
0.35065687161316933,0.2579475109951607,0.27140809742000954,0.2018387476008458,0.3019965794835226,0.3406876558685002,0.3406876558685002,0.35065687161316933,0.3026450220708866,0.35065687161316933,0.3735090406854106,0.3280040919780731,0.3280040919780731,0.2922918590414416,0.35065687161316933,0.30308065484521274,0.30308065484521274,0.33283865931671136,0.2671092404522268,0.2673771015142489,0.287875994899924,0.2773326757847325,0.2523168777587901,0.31907219135197307,0.27977803349494934,0.27977803349494934,0.35065687161316933,0.35065687161316933,0.13343317751433476,0.28926353262427223,0.54
0.6043159668533296,0.6043159668533288,0.6043159668533302,0.34994643840816614,0.454809098262693,0.5718308616072137,0.5718308616072136,0.6043159668533296,0.4685950357254033,0.6043159668533296,0.3254904476199483,0.5239635109901428,0.5239635109901428,0.5479777649850001,0.6043159668533296,0.4262926984911492,0.4262926984911492,0.5324883817073555,0.34383013637924154,0.34335982859225067,0.47177568811003745,0.5185866327907466,0.5063395850675206,0.4709842348744365,0.4245610237121582,0.4245610237121582,0.6043159668533296,0.6043159668533296,0.4418438653375295,0.442428881986237,1.87
0.5877866649021191,0.5877866649021187,0.5877866649021206,0.6878601856306802,0.5024173515031378,0.5647736392322926,0.5647736392322926,0.5877866649021191,0.4744736685419444,0.5877866649021191,0.5132582219843974,0.541078507900238,0.541078507900238,0.5357647557867503,0.5877866649021191,0.4944735101178648,0.4944735101178647,0.49609755688864143,0.4876856579180571,0.4875073024330191,0.4894229335578284,0.5877866649021187,0.5877866649021187,0.47084353888485037,0.4892164170742035,0.4892164170742035,0.5877866649021191,0.5877866649021191,0.46672469227048674,0.5029435247177196,1.2
0.34358970439007686,0.2883628587713468,0.2883628587713477,0.42198880007939976,0.4427512450524408,0.40943755273763294,0.40943755273763294,0.4053215905383981,0.43359642505625373,0.4053215905383981,0.3497578145961497,0.40913310647010803,0.40913310647010803,0.4200175448061615,0.34358970439007686,0.4162537804963148,0.4162537804963148,0.32860273845169685,0.35476749297168464,0.3547707246488342,0.4466717159321917,0.4206262994997774,0.4206262994997774,0.44586791828603667,0.43615907430648804,0.43615907430648804,0.4206262994997769,0.4206262994997769,0.46201893533856075,0.43661849132827285,0.32
0.27763173659827944,0.26613697748592996,0.26613697748593024,0.3778530935227027,0.43167998557231063,0.4003450234514398,0.40034502345143985,0.3970768445644234,0.42517949284636725,0.3970768445644234,0.3497578145961497,0.3998931348323822,0.3998931348323822,0.41289006120735794,0.27763173659827944,0.40823156911974906,0.40823156911974906,0.31659223404602704,0.35476749297168464,0.3547707246488342,0.4352574362815833,0.4096333048678105,0.4096333048678105,0.43397556594112974,0.4223347306251526,0.4223347306251526,0.4096333048678107,0.4096333048678107,0.4619938954788009,0.4271400504611132,0.41
0.27763173659827944,0.299857617883696,0.29985761788369575,0.42223304963116587,0.44330670570716024,0.41235325016405533,0.41235325016405533,0.4091680478717422,0.4373448036733055,0.4091680478717423,0.35430296283246165,0.41178184747695923,0.41178184747695923,0.42447753103574226,0.27763173659827944,0.42110588102563595,0.42110588102563595,0.3421444530748303,0.37772853703726805,0.37774601046406814,0.4508034591365565,0.42575490927756937,0.42575490927756937,0.4500816282858616,0.44009724259376526,0.44009724259376526,0.4257549092775692,0.42575490927756915,0.4620409328094079,0.4430640851367325,0.28
0.27763173659827944,0.26613697748592996,0.26613697748593024,0.3778530935227027,0.43744078901157846,0.4003994384130579,0.4003994384130579,0.3997651202170438,0.4265498671971314,0.3997651202170439,0.3497578145961497,0.4009667634963989,0.4009667634963989,0.41608275086209673,0.27763173659827944,0.4101968841890962,0.4101968841890962,0.3258122804701802,0.35476749297168464,0.3547707246488342,0.43920117872783093,0.4132176724046373,0.4132176724046373,0.4386429758772623,0.4291052520275116,0.4291052520275116,0.41321767240463797,0.41321767240463797,0.46200519172877896,0.43148488437149896,0.38
0.11332868530700317,0.11332868530700323,0.11332868530700321,0.21330807831688808,0.3396990266580684,0.13565587839031326,0.13565587839031326,0.11332868530700317,0.2883034429402444,0.11332868530700317,0.21308736626881958,0.1705048382282257,0.1705048382282257,0.324280510788077,0.11332868530700317,0.23787711203846934,0.23787711203846934,0.32506548336831814,0.21324838198538204,0.21345413607559638,0.3053031692944999,0.11332868530700323,0.11332868530700323,0.29923285461956767,0.27050045132637024,0.27050045132637024,0.11332868530700317,0.11332868530700317,0.5278486466281571,0.32658439138431494,0.17
1.0543120297715298,1.0543120297715303,1.0543120297715263,0.34975257693253436,0.7360040947788778,1.0155240115010205,1.0155240115010205,1.0543120297715298,0.7670786707585346,1.0543120297715298,0.3254526169354749,0.947671115398407,0.947671115398407,0.7899474794850073,1.0543120297715298,0.791925756154062,0.791925756154062,0.7381840185004303,0.2223513556394551,0.22217291375976478,0.6459145923097103,0.5654089041018961,0.5816019129709662,0.5092582962928911,0.7667518854141235,0.7667518854141235,1.0543120297715298,1.0543120297715298,0.44185093211029447,0.5868810455864942,0.83
0.27763173659827944,0.299857617883696,0.29985761788369575,0.42223304963116587,0.44248383047314765,0.4112373534708888,0.41123735347088886,0.40819528031648544,0.436548784258189,0.40819528031648544,0.349839669206803,0.4133828282356262,0.4133828282356262,0.4235066681450788,0.27763173659827944,0.42036597069832854,0.42036597069832854,0.33123169996051177,0.37772853703726805,0.37774601046406814,0.4485468452316562,0.4244578858705596,0.4244578858705596,0.45384067855658605,0.4375630021095276,0.4375630021095276,0.4244578858705601,0.42445788587056005,0.4619773485492546,0.44320400856094344,0.29
0.4317824164255378,0.3023560953556758,0.2802218419452486,0.27992944247986107,0.25924988978452224,0.35983962935723224,0.36005367474753663,0.6981347220709844,0.32310910877226134,0.4317824164255378,0.47851440351072466,0.32953670620918274,0.32953670620918274,0.34972190122877106,0.27763173659827944,0.3671019811185509,0.3671019811185509,0.3156930955585324,0.26538561551229356,0.26504277469456483,0.3026427708445594,0.26615170812039624,0.28877513530156224,0.25267952799410975,0.34217843413352966,0.34217843413352966,0.4317824164255378,0.35065687161316933,0.13166048436706462,0.31679283079455284,0.13
0.6931471805599453,0.6931471805599446,0.6931471805599463,0.5933219156275109,0.603887381246655,0.6867321436432712,0.6867321436432712,0.6931471805599453,0.620338799435664,0.6931471805599453,0.5929934876902263,0.6643064022064209,0.6643064022064209,0.5137016634654448,0.6931471805599453,0.5716175517703733,0.5716175517703733,0.5122033396191195,0.5931440526950709,0.59361367169929,0.6113402736004494,0.6931471805599458,0.6931471805599458,0.6132528457349465,0.5929166674613953,0.5929166674613953,0.6931471805599453,0.6931471805599453,0.5385146490979257,0.5227331360762367,1.0
0.08617769624105233,0.07866457894700905,0.10766100119833441,-0.06553964613401286,0.14130359253123784,0.1119132276905225,0.10969959411109927,0.08617769624105233,0.14494712197852036,0.08617769624105233,0.10576030385775038,0.10641346871852875,0.10641346871852875,0.0926617118242347,0.08617769624105233,0.12240375109352596,0.12265136931814834,0.12040463604728087,0.0542208942445484,0.05424780081280345,0.11368683432235654,0.07236380876966941,0.09513752106108714,0.12277322651345507,0.11371812224388123,0.11371812224388123,0.039220713153281295,0.039220713153281295,0.09624359985175007,0.09355502665434098,0.05
0.15700374880966475,0.15700374880966467,0.15700374880966458,0.2571583635263683,0.34742660114346663,0.17510301696055325,0.17510301696055325,0.15700374880966475,0.34073063813527216,0.15700374880966475,0.2566256584458985,0.21612630784511566,0.21612630784511566,0.28374511374490974,0.15700374880966475,0.2781092792265878,0.2781092792265878,0.28542519386566895,0.2568944128024146,0.25712234682466206,0.3235147696717665,0.15700374880966458,0.15700374880966458,0.32756069097600027,0.29975104331970215,0.29975104331970215,0.15700374880966475,0.15700374880966475,0.5286879625633962,0.277933483806996,0.12
0.08617769624105233,0.06714392942644734,0.07444333628712592,0.03055848002264333,0.06867456050622542,0.027462222043224294,0.027462222043224255,0.08617769624105233,0.042008281935179304,0.08617769624105233,-0.031885865422126916,0.056650638580322266,0.056650638580322266,0.10766970948725584,0.08617769624105233,0.1144977437608059,0.113036504506376,0.09119518088276678,0.0469252126015785,0.0469452789848086,0.05455340651881058,0.0486044003642889,0.05309935778638028,0.0482831266224778,0.09813333302736282,0.09813333302736282,0.08617769624105233,0.048790164169432014,0.08697105722947762,0.08303418077833417,0.05
0.048790164169432014,0.07549644269433656,0.0852837954597927,0.0191705951423658,0.1155747879278162,0.045260659578883956,0.040768709452081615,0.048790164169432014,0.07527540409150224,0.048790164169432014,0.16146525105223042,0.06254945695400238,0.06254945695400238,0.06887129881652153,0.048790164169432014,0.10556857806338982,0.1061705970136888,0.09461177092785428,0.05507217354115762,0.054964718034524185,0.10430741667649177,0.06835206926726456,0.07678464742848122,0.10882870987133866,0.057628083974123,0.057628083974123,0.048790164169432014,0.048790164169432014,0.1003819884764876,0.06964746504611054,0.04
0.029558802241544398,0.03438975769741282,0.03438975769741292,0.12914521480063798,0.08782988058191274,0.04016287261449517,0.04016287261449517,0.03438975769741284,0.058866438067265714,0.03438975769741284,0.11453203522086887,0.05046502873301506,0.05046502873301506,0.11037729222353097,0.029558802241544398,0.11994841729077599,0.11994841729077599,0.10709195090359692,0.19602484686468236,0.19640510791084265,0.13704752983717844,0.1312777625907362,0.14176523145077027,0.12129853337685736,0.10699497908353806,0.10699497908353806,0.039220713153281295,0.039220713153281295,0.12999678739274267,0.17509669208292367,0.04
0.01980262729617971,0.019802627296179733,0.019802627296179754,0.11957276453780574,0.026566339203799305,0.02639205449846078,0.02639205449846078,0.01980262729617971,0.03205620729815717,0.01980262729617971,0.12000234360591096,0.031480640172958374,0.031480640172958374,0.09272186626590224,0.01980262729617971,0.09947050498945006,0.09947050498945008,0.09339930078846556,-0.07814283152731771,-0.07774948403701876,0.031826063865856624,0.01980262729617975,0.01980262729617975,0.049391771101155946,0.05588372424244881,0.05588372424244881,0.01980262729617971,0.01980262729617971,0.1192215288468898,0.10785528387161641,0.02
0.039220713153281295,0.039220713153281336,0.03922071315328134,0.13961620438020989,0.09194587027865078,0.0446239112603692,0.0446239112603692,0.039220713153281295,0.06881736717504303,0.039220713153281295,0.11465918769688388,0.05683114379644394,0.05683114379644394,0.10831911511845421,0.039220713153281295,0.11649492355615984,0.11649492355615984,0.10067156747523227,0.193094475879028,0.19291445357614542,0.2141085470781438,0.12607772478068693,0.10037713049167202,0.16650439188426325,0.10454463958740234,0.10454463958740234,0.039220713153281295,0.039220713153281295,0.13951999796267295,0.14587333798585977,0.03
0.6931471805599453,0.6931471805599446,0.6931471805599463,0.5933219156275109,0.603887381246655,0.6867321436432712,0.6867321436432712,0.6931471805599453,0.620338799435664,0.6931471805599453,0.5933232128382449,0.6643064022064209,0.6643064022064209,0.4730700952378348,0.6931471805599453,0.5716175517703733,0.5716175517703733,0.4660997520037693,0.5931440526950711,0.5936136716992901,0.6113402736004494,0.6931471805599458,0.6931471805599458,0.6132528457349465,0.5929166674613953,0.5929166674613953,0.6931471805599453,0.6931471805599453,0.5385146490592327,0.48207995047680297,1.0
0.048790164169432014,0.04879016416943202,0.04879016416943211,-0.006211528459688032,0.1080556200311813,0.06827197362292448,0.06827197362292457,0.048790164169432014,0.09003502466886623,0.048790164169432014,0.01273558764445236,0.07873036712408066,0.07873036712408066,0.06934521397380514,0.048790164169432014,0.10941836316220004,0.10941836316220004,0.10133987772926153,0.16065500048449993,0.16039617485934426,0.18314221671692746,0.27332104408887226,0.28241543804565655,0.23626413138668276,0.11313019692897797,0.11313019692897797,0.048790164169432014,0.048790164169432014,0.08893359102584236,0.15016918149173467,0.09
0.27763173659827944,0.3982367469244537,0.41058191749317896,0.3389706790011352,0.40410983566187253,0.3393510543454051,0.3393510543454051,0.39113382898949606,0.38427776761074817,0.391133828989496,0.5328386416030381,0.6418265104293823,0.6418265104293823,0.379723772768906,0.07696104113612834,0.38102862755345906,0.38102862755345906,0.2686543827801275,0.396813987974497,0.3966598705558609,0.3872772308892252,0.4804639474346812,0.4836963220713155,0.3961227904190219,0.4004769027233124,0.4004769027233124,0.40019850479956304,0.400198504799563,0.4546699898433111,0.3895266171333448,0.74
0.4317824164255378,0.3722496390342351,0.3785640997041342,0.3693939174343971,0.3729614976829854,0.37802161713507393,0.37802161713507393,0.4317824164255378,0.41960888914476574,0.4317824164255378,0.3744365739907971,0.35655003786087036,0.35655003786087036,0.30445455477256883,0.4317824164255378,0.3146328798025472,0.3146328798025472,0.33351947673690957,0.20326312536376784,0.20345376507162055,0.2257364701686494,0.2557274004542769,0.2438945610896827,0.30262225292975364,0.27095961570739746,0.27095961570739746,0.4317824164255378,0.6981347220709844,0.14100572595248684,0.27689880322797744,0.42
0.27763173659827944,0.26613697748592996,0.26613697748593024,0.35467060826788444,0.4059007154651068,0.36909928513822704,0.36909928513822704,0.36655222450041824,0.39808391321171627,0.36655222450041813,0.346578468960128,0.37019991874694824,0.37019991874694824,0.3760197964271527,0.27763173659827944,0.3541590231925566,0.3541590231925566,0.28002869191029744,0.23121687444490202,0.23105520224057766,0.28835230223549113,0.1310282624064043,0.1310282624064043,0.28169410097505543,0.33436164259910583,0.33436164259910583,0.1310282624064041,0.1310282624064041,0.44300561820854645,0.25738918521684734,0.8
0.01980262729617971,0.019802627296179733,0.019802627296179754,0.11957276453780566,0.02656633920379936,0.02639205449846078,0.02639205449846078,0.01980262729617971,0.03205620729815717,0.01980262729617971,0.11966643060547526,0.031480640172958374,0.031480640172958374,0.11354047583421464,0.01980262729617971,0.11577319194003231,0.12000929339609757,0.13604631896891342,0.12586382675708874,0.1254907305805149,0.0395508531389554,0.03582510187408749,0.030484277014784913,0.03352156703903486,0.10613542050123215,0.10613542050123215,0.01980262729617971,0.01980262729617971,0.11930219335151937,0.12284632377323215,0.02
0.27763173659827944,0.299857617883696,0.29985761788369575,0.4221806876629266,0.45030830230518615,0.4260749200631773,0.4260749200631774,0.4236470248123825,0.44943020316500454,0.4236470248123825,0.3542843221860111,0.4254392683506012,0.4254392683506012,0.434933680836403,0.27763173659827944,0.42680487958525903,0.42680487958525903,0.32822513968669575,0.5106849310224006,0.5108326110380168,0.5360395325094454,0.5877866649021187,0.5877866649021187,0.5408834937910714,0.47049927711486816,0.47049927711486816,0.5877866649021191,0.5877866649021191,0.4620230884555898,0.566280724018047,0.14
0.22314355131420974,0.22314355131421,0.2231435513142095,0.3180994642539594,0.3221181459011747,0.23005232720901508,0.23005232720901508,0.22314355131420974,0.30294538084133754,0.22314355131420974,0.12287651654737572,0.25720247626304626,0.25720247626304626,0.35283821127232107,0.22314355131420974,0.33604568339577234,0.33604568339577234,0.359377075723684,0.2492846301672321,0.24882381118753327,0.299924737608714,0.2615485328581615,0.2717333158442239,0.29965781218250886,0.3342459797859192,0.3342459797859192,0.22314355131420974,0.22314355131420974,0.3235063293216311,0.360908689649676,0.37
0.12221763272424921,0.2659408175343767,0.20650543123307585,0.06220657150061193,0.2639359473448915,0.3170424419054488,0.3170424419054487,0.12221763272424921,0.24923814666637323,0.12221763272424921,0.5548009143974985,0.25855472683906555,0.25855472683906555,0.29336966259850816,0.5538851132264376,0.2744097738186285,0.27440977381862847,0.3314652414553746,0.3462179460504423,0.34638262085125937,0.28641686543435174,0.2081604450087256,0.22064447225551226,0.29785905866203677,0.22662778198719025,0.22662778198719025,0.12221763272424921,0.12221763272424921,0.1322277294005859,0.3087146052013773,0.08
0.27763173659827944,0.26613697748592996,0.26613697748593024,0.35475837353765527,0.3346220601933916,0.3066512391860712,0.3066512391860712,0.302283047768085,0.33300904456004704,0.30228304776808496,0.3465784689601209,0.3125985860824585,0.3125985860824585,0.30008973637791725,0.27763173659827944,0.34175858436454487,0.34175858436454487,0.2810609548519945,0.3547674929716833,0.3547707246488351,0.31661600400429935,0.2832415758060264,0.2832415758060264,0.31860847553643645,0.3372637927532196,0.3372637927532196,0.28324157580602616,0.2832415758060261,0.4430056182085056,0.2836731120986983,2.01
0.039220713153281295,0.0804235191484752,0.07008451371664198,0.14931739918739412,0.10805224398969088,0.030997335228353858,0.01990096176907961,0.18232155679395465,0.17655445858306518,0.039220713153281295,0.14517732198451433,0.040050435811281204,0.040050435811281204,0.1424942438899217,0.039220713153281295,0.1583103579538599,0.1583103579538599,0.22456873837044938,0.05470495681789184,0.05486844353684911,0.060731040991363894,0.07211973905602038,0.0602277237375955,0.07972592109584237,0.10720959305763245,0.10720959305763245,0.039220713153281295,0.07696104113612834,0.10435537801310485,0.12741236103815876,0.05
0.27763173659827944,0.299857617883696,0.29985761788369575,0.4221806876629266,0.44248383047314765,0.41123735347088886,0.41123735347088886,0.40819528031648544,0.436548784258189,0.40819528031648544,0.3499893835409757,0.4133828282356262,0.4133828282356262,0.4111141556121698,0.27763173659827944,0.42036597069832854,0.42036597069832854,0.3253817715526097,0.37772853703726805,0.37774601046406814,0.4485468452316562,0.4244578858705596,0.4244578858705596,0.45384067855658583,0.4375630021095276,0.4375630021095276,0.42445788587056005,0.42445788587056005,0.46197734854923794,0.4327105182692301,0.29
0.18232155679395465,0.2870560733885874,0.23001141845442977,0.10409631096783595,0.2978288978460577,0.3042007857105694,0.3042007857105694,0.18232155679395465,0.32513288564360254,0.18232155679395465,0.1760998668130923,0.3790740966796875,0.3790740966796875,0.3502432717920779,0.18232155679395465,0.2943405608959463,0.2943405608959463,0.2920447499904435,0.2955456167792918,0.29510949242920964,0.2768354588050512,0.23735944294376168,0.22170192393324015,0.32290590237997163,0.3027479946613312,0.3027479946613312,0.18232155679395465,0.18232155679395465,0.1765591868427968,0.33423826128556383,0.05
0.6981347220709844,0.3959410284618089,0.37735678973900944,0.572913753691471,0.40958608447416783,0.5692696212303295,0.5692696212303295,0.6981347220709844,0.34427772613151525,0.6981347220709844,0.6770968016461418,0.33439546823501587,0.33439546823501587,0.33717770684399306,0.6981347220709844,0.4420970559211159,0.4420970559211159,0.2630861640841261,0.6320355140637702,0.6318423025318235,0.3259520224464932,0.29596751868864435,0.2804607010999277,0.30706318036432745,0.2941459119319916,0.2941459119319916,0.6981347220709844,0.6981347220709844,0.21320208656911804,0.3518658491673644,0.91
0.3148107398400335,0.3148107398400337,0.314810739840034,0.318038874348151,0.3894870148153906,0.32470830181447025,0.32470830181447025,0.3148107398400335,0.3835760426117207,0.3148107398400335,0.21488768917944148,0.34955164790153503,0.34955164790153503,0.38881153710317756,0.3148107398400335,0.3982065983627191,0.39674461519436466,0.39557277391633044,0.2500181789926768,0.24957942997630062,0.40889892719423393,0.5131303386426316,0.49804665793207936,0.3781152258359156,0.4054241478443146,0.4054241478443146,0.3148107398400335,0.3148107398400335,0.41515945873474847,0.5261033927163697,0.25
0.039220713153281295,0.03438975769741282,0.03438975769741292,0.1291488527174323,0.08782988058191277,0.04016287261449516,0.04016287261449517,0.03438975769741284,0.058866438067265714,0.03438975769741284,0.11453203522086887,0.05046502873301506,0.05046502873301506,0.10665370558867715,0.039220713153281295,0.10903044262238697,0.10903044262238694,0.10905764668342277,0.12400812161487763,0.12404239063237628,0.10728847565763647,0.04078215158309458,0.04010581781927306,0.09197302016595968,0.09833549708127975,0.09833549708127975,0.029558802241544398,0.029558802241544398,0.12999687482755795,0.11438928442496488,0.04
0.01980262729617971,0.019802627296179733,0.019802627296179754,0.1195727645378058,0.02656633920379936,0.02639205449846078,0.02639205449846078,0.01980262729617971,0.03205620729815717,0.01980262729617971,0.11966643060547037,0.031480640172958374,0.031480640172958374,0.07769001284827602,0.01980262729617971,0.09979622024998626,0.10060934808339968,0.09090009856534856,0.27248991799804706,0.272751559781795,0.08981400160707093,0.01980262729617975,0.026585948243927796,0.1690350506802709,0.05515912175178528,0.05515912175178528,0.01980262729617971,0.01980262729617971,0.11930219335127401,0.16195457243587946,0.02
0.048790164169432014,0.1980010167083936,0.20067727897372503,0.3182819460177887,0.226141973414907,0.10114757148083163,0.10114757148083169,0.048790164169432014,0.24166244175979826,0.048790164169432014,0.2727228534830051,0.2435251623392105,0.2435251623392105,0.1831643267150434,0.048790164169432014,0.17537866381209782,0.17537866381209782,0.1870531076350849,0.2514290599351417,0.2513754920464073,0.2108822288410518,0.21199582523686758,0.1996340734086336,0.2081772499333731,0.24670493602752686,0.24670493602752686,0.048790164169432014,0.048790164169432014,0.14504801449581411,0.1667342123952254,0.2
0.18232155679395465,0.21451045928118084,0.16659785208926203,0.2550235849567785,0.2142708366826493,0.12625800660553815,0.1262580066055381,0.2689771455771216,0.22328748548212185,0.01980262729617971,0.45861702238707036,0.07938623428344727,0.07938623428344727,0.18591450651559382,0.18232155679395465,0.10778060915759348,0.10778060915759348,0.14428318477845328,0.3174135773641929,0.31790853066461844,0.1888445889778202,0.1624276571797558,0.18920491028326233,0.16852011058307634,0.07028606534004211,0.07028606534004211,0.07696104113612834,0.07696104113612834,0.16711390031233286,0.1617170936641049,1.01
0.048790164169432014,0.0589316798774427,0.05968290326322126,0.14768933190554462,0.09677247160784433,0.04265314395794071,0.042653143957940676,0.048790164169432014,0.09873751568013747,0.048790164169432014,-0.10343289673094914,0.054765816777944565,0.054765816777944565,0.11389238980778532,0.048790164169432014,0.11816879816366148,0.11816879816366145,0.0957392710941992,0.05893302113655835,0.05854073726952391,0.13212266874875622,0.06372072896178105,0.06315731142244711,0.07695255406959753,0.09421315044164658,0.09421315044164658,0.048790164169432014,0.048790164169432014,0.0874563323511291,0.09562176269749953,0.02
0.7884573603642702,0.7884573603642696,0.7884573603642726,0.7032512389909505,0.6258951628395966,0.7620852422000117,0.7620852422000117,0.7884573603642702,0.6001077665762768,0.7884573603642702,0.6885599635775472,0.6735858917236328,0.6735858917236328,0.6375558090774645,0.7884573603642702,0.5957813123922958,0.5957813123922958,0.5629727322392025,0.5498915145602117,0.5499473548691096,0.5883783406358051,0.7884573603642707,0.7884573603642707,0.5861665238780339,0.6037169098854065,0.6037169098854065,0.7884573603642702,0.7884573603642702,0.4667676620526896,0.5682871414227619,0.8
