SVR_poly_BF3,DT_BF3,SVR_rbf_BF1,MLP_BF3,LGBM_BF1,SVR_rbf_BF3,SVR_rbf_BF2,MLP_BF1,KNN_BF1,LGBM_BF3,KNN_BF3,KNN_BF4,GB_BF3,XGB_BF3,CB_BF1,MLP_BF4,MLP_BF2,LGBM_BF2,CB_BF3,KNN_BF2,SVR_poly_BF4,HGB_BF3,SVR_rbf_BF4,CB_BF2,ET_BF3,H2 production rate
0.6530744820128794,0.6273804855790206,0.6127754451121763,0.8207230438341624,0.5617340859445924,0.6124103749214332,0.6122833341735282,0.6644323368483086,0.5128236264286637,0.6013589202877663,0.6273804855790206,0.6273804855790206,0.6811730560841404,0.6276915669441223,0.6266393153396437,0.6192703277548456,0.8371659862091154,0.6200537272073413,0.630615418253877,0.6273804855790206,0.7748151392590885,0.5014860176717191,0.6126693049482612,0.6379745697806594,0.6273804855790209,0.52
1.5365892535905112,1.224756523558619,1.5373635350043844,1.402989984270624,1.1876658580908965,1.5374995427787042,1.5370049533420729,1.4987739948492287,1.6370530794670737,1.1761616149892966,1.6370530794670737,1.6370530794670737,1.3773867380250062,1.4683623313903809,1.469523608007857,1.4927709905956994,1.3667112730270343,1.1459510862169684,1.4949063359986403,1.6370530794670737,1.5372158994531921,1.302999784416893,1.5370945127246114,1.5118989720281695,1.6370530794670746,5.4
0.3469292175580218,0.37567244194941957,0.3469185897974078,0.39222724352667565,0.3539706816307277,0.34695272597560295,0.346413150995531,0.39606362538900797,0.43825493093115525,0.3911437753981854,0.3756724419494196,0.3756724419494196,0.4924532898513207,0.4483352601528168,0.3856064859567791,0.4075552056807391,0.39111645381503907,0.37435864383891904,0.3917426576187255,0.3756724419494196,0.3472505047424171,0.4200639993117844,0.34666026926005106,0.38789645102062487,0.37567244194941934,0.4
0.9587300346265862,1.0487683773444552,0.7262686084110234,0.7694117934972728,0.69921826035608,1.0148888900268151,1.0105532803404345,0.687882268059088,0.7884573603642702,0.8345311279287071,0.95393607813515,1.0173525083910995,0.9138852486442853,0.9538905620574951,0.6727167081909059,0.7822584603948572,0.7978303963129698,0.8668743553056631,0.8310865542193455,0.9527711391887117,0.777431332892573,0.6291769512432231,1.0362375942258617,0.7513728530310192,0.9018169945505278,1.7
0.7348182948927628,0.788407015936738,0.741243003187616,0.772261307877861,0.7719974169521491,0.7419681012492925,0.7414329563402846,0.6899904280189957,0.8372475245337022,0.7866214842699488,0.8394073551059604,0.8394073551059604,0.7418179589865015,0.7385754585266113,0.7550586203410604,0.6757464537721979,0.7218044872661447,0.7607911871913952,0.7252318842872155,0.8394073551059604,0.7412653099039755,0.7755996982885299,0.7417393418291474,0.7234677711165699,0.8394073551059613,1.21
0.9778342772741073,0.862182642567405,1.0162135444416627,0.7832703014681237,0.9406714329377188,1.0166249960103686,1.015876030137216,1.0172569067715513,1.1314021114911006,0.9329810323450166,1.0238464216826277,1.0238464216826277,0.8852058974264262,0.9244022965431213,1.0010888977318402,0.7700379424413427,0.8479679440407772,0.9486125385489688,0.9418848525897301,1.0238464216826277,0.774950195032521,0.9784395032211493,1.0162778603223586,0.9464177255410771,1.0238464216826275,2.0
0.6530744820128794,0.5803238397937811,0.5188467553588514,0.8086754480914513,0.5189867326400698,0.5187346788691964,0.5186171980920966,0.6448944359117396,0.418710334858185,0.5551674009566628,0.5803238397937811,0.5803238397937811,0.633220305689138,0.5825502872467041,0.5785547705387334,0.613315193433453,0.8279364024317517,0.5744596292971405,0.5987671982185776,0.5803238397937811,0.7748151392590887,0.44056330537373856,0.5372450168254336,0.5803416418228424,0.5803238397937811,0.67
0.34692921755802214,0.350226768371934,0.3469185897974078,0.36860475919972985,0.3374713894935702,0.34695272597560295,0.34641315099553094,0.3681571212586295,0.3364722366212129,0.36414032599593116,0.350226768371934,0.350226768371934,0.471159004918606,0.42661139369010925,0.35674897916756143,0.3812685349884226,0.36788514399532324,0.35286085194563654,0.3661685443370302,0.350226768371934,0.34725050474241675,0.38988913563476374,0.34666026926005106,0.3581506295024318,0.350226768371934,0.55
0.34692921755802214,0.35676308839801457,0.3469185897974078,0.3746662010839274,0.34245970667233716,0.34695272597560295,0.34641315099553094,0.37512896879153007,0.3364722366212129,0.3678821584443923,0.35676308839801457,0.35676308839801457,0.4772421276365842,0.43278229236602783,0.36359906834698413,0.38851768529239694,0.37384181308585795,0.35492372561037133,0.3702234512493324,0.35676308839801457,0.34725050474241675,0.40346554261184236,0.34666026926005106,0.3711254798574078,0.35676308839801474,0.51
0.7875619682556272,0.7893140469698162,0.7420858549396613,0.9421318276199043,0.8387911050366974,0.7421799474156331,0.7419618956505608,0.8224066823334788,0.6418538861723948,0.8589441366631875,0.7373815045537494,0.7373815045537494,0.7421193389133707,0.7387010455131531,0.7625207367828053,0.7961481308727186,0.9263551224732969,0.833585738123857,0.7995131758790274,0.7373815045537494,0.7325560635470251,0.7763062346480732,0.7422378419411032,0.760833661456122,0.7373815045537496,1.2
0.6925747391643016,0.7795560141359299,0.741243003187616,0.7666847565683477,0.7593238110721745,0.7419681012492925,0.7414329563402846,0.6825144091638493,0.7929925155296614,0.7617249328427319,0.81727985060394,0.81727985060394,0.7383656236027721,0.7327404618263245,0.7587648616360823,0.67159138008916,0.7167723949460039,0.7369713808285189,0.7072684678164509,0.81727985060394,0.7411568371842183,0.752996952337034,0.7417393418291474,0.7055343270615276,0.8172798506039392,1.31
-0.18398888997426266,0.09753662035955889,0.8568382164118188,0.6754461751002081,0.6915362099120144,0.8502024453982862,0.848397382171093,0.7840420036284063,0.9042181506398858,0.43887019755940276,0.7606641904097906,0.7533289463665452,0.5523260117117056,0.642091691493988,1.0238387472313102,0.1073241320744448,0.10577211881395443,0.6836458932253687,0.9563556245505879,0.9437092367267708,0.49139666707946406,0.401173906540556,0.8560774620113576,1.0212757354440711,1.1207851950400483,0.04
0.5850628392336898,1.4627764834900543,0.7923518733715081,0.837008306804468,0.4862227649954554,0.778373613198903,0.7732824275193954,1.2012225663401948,1.6448050562713916,0.8947156250247417,0.7154666069787099,0.6757622627324034,1.4255002556182785,1.5675969123840332,1.2255077852435863,0.926788023713583,1.935563502418499,0.87675995948681,1.316616342802672,0.8852918412055533,0.8641405631902424,0.9647505633243205,0.8697174141914024,1.3684873449020816,1.2096908053695734,1.47
0.7476628186038672,1.0348892262609122,0.8337781636406706,0.5915446699949128,0.48109932580775056,0.8319167503197236,0.8310984660795844,0.5655999166701797,0.9932517730102833,0.48389004383355133,0.9049561076195939,0.9063727762014534,0.8958216894578394,0.9556795358657837,0.6153579247014145,0.9944805021891339,0.07576463631634023,0.5239850894284187,0.6701295445977231,0.9049432208169631,1.771287404934726,0.9031975979847403,0.854198011543928,0.6511784000467621,0.603302050469454,0.58
0.6447759062423064,0.5987761182615066,0.4218105132531022,0.6442758393336432,0.5889521933748245,0.6679918264364225,0.6710380456409659,0.5403284178218152,0.3220834991691133,0.9231075172997583,0.5987761182615066,0.5987761182615066,0.7852199103052582,0.7933146953582764,0.5111090260754274,0.6956302511911905,0.6873733331900997,0.9164603458899117,0.6606092391225407,0.5987761182615066,0.8407974308055117,0.7745887437143758,0.7272539200617832,0.7101800543083839,0.5987761182615072,0.32
0.8429407332212251,0.9535343230665478,0.8884178388383724,0.9655361490234846,0.8940963813326928,0.8882446595978905,0.8887868344288905,0.8725389509599711,0.7884573603642702,0.9221886983645975,0.8106832416496871,0.8106832416496871,0.7782856849679516,0.7889293432235718,0.8122226356223593,0.8175146208649704,0.942037255985464,0.8951839566159745,0.8390823686633113,0.8106832416496871,0.7324890011673673,0.8473471571310462,0.8881502494081854,0.7910301021163484,0.810683241649687,0.9
0.9777839260563204,0.8556246780028067,0.9991067346276385,0.7775862478136042,0.9275813158171798,0.9986673567268737,0.998484162643684,1.001166063635516,1.0986122886681096,0.922061885566981,1.0074515102711323,1.0074515102711323,0.8695288764050795,0.9156045913696289,0.9762855780657891,0.7648596112717496,0.8416865849999229,0.9352517130495789,0.9318303225924905,1.0074515102711323,0.7749501950325212,0.9642329482984378,0.9984320672002029,0.9271078279669764,1.007451510271132,2.1
1.7561014683577454,1.279567751283257,1.756008022322082,1.5461809955856547,1.2865701785950463,1.7560239459761529,1.7563694520645257,1.6533757461121228,1.856297990365626,1.279053351582179,1.856297990365626,1.856297990365626,1.5377772112687675,1.5601518154144287,1.6981445279167038,1.6639385716486885,1.5391243238737442,1.2472692400358345,1.7050288746376139,1.856297990365626,1.7561828042501584,1.4608036065037167,1.7562606558712783,1.6894551001108444,1.8562979903656278,4.14
0.2651744729209448,0.31146964275822436,0.7431027726026379,0.7132982598813442,0.6746884500020928,0.7262236021645831,0.72997044024204,0.5501310474083272,0.16551443847757338,0.5842364680653476,0.7214156045685691,0.7472036190643683,0.3748496897357817,0.29829853773117065,0.6489796119187329,0.8649575869432516,0.4888035998271533,0.6284100623896725,0.5091778493435115,0.7220919158753814,0.4504599209368033,0.75458570984312,0.859184537619697,0.7336251849644998,0.6149017385212112,0.03
0.5635299724296846,0.4456264339147041,0.8041992494423644,0.5362170694334272,1.1766061376896533,0.37739543973053713,0.37781070500994274,0.8091415978774721,0.7371640659767197,0.7328719933990696,0.29985761788369636,0.29985761788369636,0.7353235889652097,0.7053290009498596,0.7340027107775244,0.6316029177458065,0.6031961511099224,0.7360783011057841,0.5906813011829674,0.29985761788369636,0.8092582925253329,0.5177989363579288,0.4225901738239701,0.5312820448242304,0.299857617883696,1.4
0.6447759062423064,0.5765502369760896,0.3776783469956182,0.6363522414493836,0.5740468288438281,0.6678481608003595,0.6705378060613627,0.5316443782754826,0.27763173659827944,0.9158614181772446,0.5765502369760896,0.5765502369760896,0.7804637374559663,0.7837151885032654,0.49508692666506443,0.6910899644477677,0.6802866472692368,0.9014447730922025,0.6921632463789547,0.5765502369760896,0.8405642217607654,0.7555781036426908,0.7272803949441642,0.6865459231798354,0.5765502369760896,0.38
0.4365730380083021,0.39807548162184136,0.43633233838474655,0.4130511023306048,0.3761690386853901,0.43662332322867975,0.4364668936997323,0.4137959469675959,0.3364722366212129,0.4119431916335627,0.39807548162184136,0.39807548162184136,0.5096872282453058,0.4720367193222046,0.4050769608302882,0.4289514508806884,0.41208321837621104,0.3937533459213983,0.416171972878391,0.39807548162184136,0.43635884757577154,0.4430386140950172,0.4361485621769544,0.4042677982791388,0.3980754816218414,0.28
0.8733064431577362,0.5530870097745031,0.6399390683136047,0.37275393973831644,0.7582271919528853,0.5893584836813247,0.5935400817583203,0.358320747799838,0.16551443847757338,0.5392356870842284,0.4541224704649435,0.42823330454405384,0.5509644156876694,0.5553359389305115,0.5333604827336453,0.3317397558018848,0.689817987562444,0.5532653232494698,0.4403929946709923,0.45418637178252314,0.7839614304961154,0.37568124021605886,0.44521546285303765,0.48526254816775904,0.3478143072856535,3.66
0.7875619682556273,0.7804236944556495,0.7420858549396613,0.9354947680430913,0.8357034027928768,0.7421799474156331,0.7419618956505608,0.8077112169819929,0.7884573603642702,0.8311547678911377,0.7151556232683325,0.7151556232683325,0.7386902055834519,0.734029233455658,0.7545201505251199,0.7908098921586151,0.9193659946648781,0.8176042643287434,0.7828526081499363,0.7151556232683325,0.7090198953526605,0.7627923836555546,0.7422378419411032,0.7575537936965848,0.7151556232683329,1.3
0.6925747391643016,0.7786920819070267,0.7369411481083301,0.7661407070710348,0.7618294816334109,0.7371690895335686,0.7368994833741951,0.6819493433969035,0.7929925155296614,0.7600471822068164,0.8151200200316818,0.8151200200316818,0.7380680447605009,0.7321425676345825,0.7735590612108498,0.6711761653827379,0.7162896208807542,0.7449659438217202,0.7137655627481592,0.8151200200316818,0.736970695773189,0.7477715840146041,0.7371525562212448,0.7050286750979122,0.8151200200316824,1.32
0.7672107888649736,0.5578237686720753,0.7650769387518562,0.41819676518052945,0.27030210828922435,0.6387152960660392,0.6670933804513041,0.8666523209069457,0.712949807856125,0.026432192070154067,0.6054674998630831,0.6066885627745334,0.5189635658237404,0.4853261113166809,0.7191124430927771,0.7416623170239423,0.5083551571359939,0.039532028280411656,0.5950082466642646,0.6069821174531783,0.880921373899575,0.33065194616635213,0.58256121822517,0.6874886303839651,0.606142941123504,1.09
0.6126941566431714,0.46576698064342437,0.4964105747441043,0.779176777920185,0.3729373087136398,0.4755859462152632,0.47595266966723787,0.6080027241974326,0.418710334858185,0.45360709959075346,0.46576698064342437,0.46576698064342437,0.5186394855431654,0.4730674624443054,0.5012131743883377,0.5933944516904861,0.7952319080168748,0.45882436698016793,0.5073522186241904,0.46576698064342437,0.754510766326906,0.33172060765596456,0.5185945633502529,0.5201368303620876,0.46576698064342403,1.1
0.5217104570500055,1.5105935691859942,0.7865355557840221,0.8902829820339238,1.1187624735257802,0.7264569639523397,0.7276024781075824,0.8033820724151237,0.7371640659767197,0.9000384990623508,0.6029557127841157,0.7093648606966746,1.4322624634067502,1.568509578704834,1.3457495288737102,1.2960256947922633,0.8167520940572545,0.7801664197797062,1.3417286858160153,0.6030743430624405,0.9893765271699024,0.748652285569551,0.8118141077778895,1.170983475026697,1.0851475620820907,1.04
0.7483995147974906,0.24349182464020988,0.7560204776121292,0.3083218680501175,0.4522414693436404,0.7456284188360078,0.7483749580950975,0.24375654527120677,0.029558802241544398,0.3536514733463227,0.5613087296908812,0.5896438782968922,0.8422970799444588,0.5631097555160522,0.733832783018544,0.8137461694500794,0.24327352182704515,0.3555913833291721,0.7606223193809969,0.5616443887072432,0.6057370098290913,0.3643950023711847,0.859975956989351,0.7073318333738504,0.38377875009908236,0.18
0.980112465918374,1.2776297570821777,0.7241774829312638,0.9265947123926237,0.6485847980342829,0.7004303924790856,0.6947337622101651,0.467369868527816,0.9042181506398858,0.7972788884571848,0.6076810254772382,0.6283927298544639,0.8497250267806287,0.8488216996192932,0.6915883607497929,0.93005866072422,0.5107356192240308,0.7803097591963603,0.8128935187572146,0.5937333233058043,0.8722347991351974,0.61002057526684,0.8031512487932614,0.8296714399120736,0.7636299908362251,4.18
0.9984774615902792,1.0744220577231645,1.0314385074450712,0.8143270121397574,1.0002936604419599,1.0316077622796525,1.030998400304844,1.113451492129168,1.0986122886681096,1.0232636418326242,1.1150072000796052,1.1150072000796052,0.9596665826276836,0.9886699318885803,1.0798544018708836,0.7945501868598197,0.881646808168363,1.0226539698944705,1.0236294767579959,1.1150072000796052,0.7747804562221317,1.0503855190248548,1.016387899092854,1.0240639224011563,1.1150072000796045,1.5
0.3469292175580219,0.3584242240776817,0.3469185897974078,0.37620919736623937,0.34242509237651336,0.34695272597560295,0.34641315099553094,0.3768214998096263,0.3364722366212129,0.3694207224840007,0.3584242240776817,0.3584242240776817,0.4785435818248313,0.43395689129829407,0.3657144038720057,0.3902348681311278,0.3754525083144692,0.35587793792813144,0.37183833755914425,0.3584242240776817,0.3472505047424175,0.4029297429101441,0.3466602692600511,0.3709148649001969,0.35842422407768176,0.5
