ET_BF2,ET_BF1,ET_BF3,KNN_BF1,KNN_BF2,KNN_BF3,DT_BF3,SVR_rbf_BF2,SVR_rbf_BF1,SVR_rbf_BF3,RF_BF1,RF_BF2,CB_BF2,GB_BF2,GB_BF3,Current density
4.590396503555334,4.57416451475718,4.588888389911176,4.344452708423118,4.344589810508004,4.344589810508004,4.762173934797756,4.473151690048524,4.47355547795866,4.47377052697894,4.617386912029461,4.643789655180531,4.319446091968628,4.440684210897104,4.440684210897104,135.0
4.497825881848565,4.474414830585125,4.5362872131433125,4.6160753072234675,4.590383432677388,4.590383432677388,4.219507705176107,4.779806301756013,4.780361360876197,4.761490027191705,4.2678650657340835,4.226099166720838,4.3845416491854845,4.504867413384898,4.504867413384898,125.0
3.9436682526258102,3.996139142474524,3.855542890475937,4.150653281516851,4.138456379866237,4.138456379866237,3.6635616461296463,3.819629333937753,3.8194849588283786,3.8221112572908598,4.11631394437121,4.0521799709395845,4.02729879761867,3.95930389233372,3.95930389233372,50.0
4.77103412423557,4.770873427504328,4.873449681190314,4.8941568976745256,4.805871303577504,4.805884621312516,4.836281906951478,4.698462612318709,4.698141501937248,4.701491197155632,4.803238664913026,4.82360794572929,4.808714522391174,4.794151380123035,4.794151380123035,144.0
4.74033640304641,4.74033640304641,4.740336403046414,4.7735188503902215,4.708087367328296,4.708087367328296,4.969813299576001,4.899396336866395,4.900288346723532,4.921711124037675,4.789905363529173,4.742842599537888,4.7951633350550695,4.789197921693516,4.789197921693516,115.0
3.3299851662433992,3.4339872044851525,3.354698265151772,3.4339872044851463,3.4339872044851463,3.4339872044851463,3.2580965380214817,4.246800226539983,4.247222970642182,4.273700255662949,3.6806597774954004,3.6494318031468533,3.6833354653023633,3.572924480034302,3.572924480034302,38.0
3.1548774125404817,2.9960575413151163,3.183120282125967,3.439162795965439,3.3456240075760273,3.420101624139216,3.295836866004329,3.4165746713309693,3.4165478233851845,3.423160522929021,3.317021546380573,3.3483603596369806,3.463733017963504,3.535612888121536,3.535612888121536,13.0
4.700301535849444,4.639015062700592,4.726354285477387,4.678703441663615,4.653831080616983,4.653831080616983,3.9318256327243257,4.756039917321529,4.755947969555141,4.736490669113435,4.281961163549583,4.409650647317367,4.177374142178798,4.165041769980718,4.165041769980718,113.0
4.472427314509054,4.444973248515998,4.437198203117301,4.2001939540544795,4.089722313267182,4.089722313267182,4.356708826689592,4.556884190721856,4.556593921468073,4.544460868288785,4.504762494971123,4.565947009174595,4.4080384967409945,4.4476292122114796,4.44049665574558,76.0
4.151559663159718,3.58351893845611,4.117845589878138,3.58351893845611,3.58351893845611,3.58351893845611,4.804021044733257,4.420950282754919,4.420642656081786,4.48888741254817,4.027830840420206,3.917985498306162,4.311461969349483,4.196705393281502,4.196705393281502,116.0
2.8014543501507556,2.775006842397217,2.8909162251306766,2.9662825704578872,2.879983800388818,2.886116945952991,2.8417898836693407,3.0236316484870143,3.0237877125972203,3.024700030718399,2.9264650042282248,3.029926212596042,2.6446027932258627,2.7342077835037797,2.7342077835037797,12.0
2.6181173218797613,2.716308176127793,2.7105825751775665,2.825887870340816,2.9278464439158554,2.9313780443582105,2.4814223151299535,3.2359183140258696,3.2358697553423887,3.2236613295510717,2.8000207364213914,2.7870768554213843,2.5444669499538852,2.480940509483538,2.480940509483538,20.0
3.0892428120499953,2.999167260018354,3.2245981808268818,3.8006209500642174,3.950593036306666,3.9874839278763874,3.295836866004329,3.7623871610435415,3.762255315556163,3.768653322503926,3.3763645028264544,3.2324661045147884,3.470077277278029,3.673597051256872,3.673597051256872,10.0
2.86358340192719,3.0263163293952138,2.8915166242857566,3.1208671615611343,3.1133256068877215,3.1797625190727725,3.2580965380214817,3.6283762108467994,3.628342598803747,3.63448336998386,3.495363019926145,3.4304345774306775,3.485973659219272,3.2519002420235372,3.18241889716022,26.0
4.86170174534118,4.86170174534118,4.86170174534118,4.848329574103436,4.807834998945914,4.807834998945914,4.969813299576001,4.899396336866395,4.900288346723531,4.921711124037675,4.867305932396311,4.810732894182161,4.812706938215064,4.837374733155004,4.837374733155004,85.0
3.8807085711595435,3.862313672406342,3.7388031334449665,4.665236885045963,4.602205341187497,4.602205341187497,3.2580965380214817,4.143568397186377,4.143378122471187,4.154058410316293,3.2682716079514305,3.2580486445794543,3.2386419476967507,2.9524801843503843,2.9524801843503843,129.0
4.140480288615476,4.5325994931532625,4.186977215424525,4.532599493153255,4.532599493153255,4.532599493153255,4.532599493153255,3.9496376154768167,3.94949173809034,3.8946901010033903,3.98978055877742,3.9200066957052395,4.269752119049947,4.432768342999,4.432768342999,112.0
4.221363511573706,4.1927418363665625,4.264425065748792,4.174387008296605,4.0836669522224325,4.0836669522224325,4.356708826689592,4.614531608844648,4.614703203947718,4.606575886713586,4.0638064200521855,4.1606830353030535,4.444541931864444,4.417274449668287,4.417274449668287,68.0
4.5474175980904326,4.5764976533923045,4.620022703124961,4.719463073272813,4.7889975955248,4.7889975955248,4.7535901911063645,4.718749986193517,4.719121723257531,4.718695191007447,4.699376201624288,4.680727329979783,4.522527902047782,4.753567949176908,4.753567949176908,161.0
4.632224848811607,4.632224848811607,4.6322248488116164,4.672152573363181,4.5729323312922405,4.5729323312922405,4.632224848811607,4.853296650105531,4.853963511706848,4.853752609490524,4.709932554959957,4.640550932554983,4.735929089087104,4.725326417609157,4.725326417609157,173.0
4.42789505635888,4.3796247544616405,4.44480236874268,4.824799389865785,4.8275166839265315,4.8275166839265315,4.762173934797756,4.9111256785229855,4.911315686468566,4.898971253605681,4.266618115496442,4.160042205844531,3.892691251798878,4.092273651342917,4.092273651342917,67.0
4.86170174534118,4.86170174534118,4.86170174534118,4.8342015215376,4.7889975955248,4.7889975955248,4.969813299576001,4.899396336866395,4.900288346723531,4.921711124037675,4.852392169834985,4.8116236313759035,4.806753112764564,4.824552107690903,4.824552107690903,90.0
4.283848075057928,4.727387818712342,4.3242674660465426,4.727387818712341,4.727387818712341,4.727387818712341,4.727387818712341,3.9496376154768167,3.94949173809034,3.89469010100339,4.129138944845118,4.120653486200076,4.454123895987646,4.629111837129397,4.629111837129397,92.0
4.632224848811607,4.632224848811607,4.6322248488116164,4.719463073272813,4.7889975955248,4.7889975955248,4.632224848811607,4.85358593714996,4.853846930317457,4.853597681160185,4.720922854165829,4.6801818808689175,4.747790773562017,4.755630940465698,4.755630940465698,143.0
3.5291814861235933,3.2580965380214906,3.571121301476513,3.2580965380214817,3.2580965380214817,3.2580965380214817,3.295836866004329,3.3582723235531002,3.358000115896062,3.3583202330427024,3.425491550413451,3.441466238543851,3.6543666426265315,3.459017040982259,3.459017040982259,25.0
4.775258940701893,4.6798900104412775,4.750115208984415,4.5050388403582255,4.5599263191821295,4.5599263191821295,4.762173934797756,4.581575554056692,4.581139852319022,4.580639543151439,4.715010184188136,4.69873461010989,4.556312755441726,4.503508812419661,4.503508812419661,121.0
4.3906736714687415,4.35395877978486,4.3789583014932845,4.471803508517056,4.3870011860554365,4.3870011860554365,4.219507705176107,4.65986129889705,4.659458437917461,4.6441637090451415,4.5416736331927545,4.56379278614589,4.687792245366393,4.3769244152043525,4.376924415204351,33.0
4.758644448218663,4.762173934797749,4.758826274758107,4.762173934797756,4.762173934797756,4.762173934797756,4.804021044733257,4.654457951492864,4.654665879987038,4.654682669395288,4.724904108500242,4.768574829274563,4.740417269928474,4.736146022546097,4.736146022546097,35.0
4.3415702296456535,4.330088979061109,4.426135682183428,4.172665446148178,4.182721988347263,4.183768478286007,4.804021044733257,4.420072399816291,4.420797872754168,4.4880987082845065,4.372905264225338,4.46704676602295,4.524183251071488,4.540692842011807,4.540692842011807,115.0
4.637413197641104,4.651438058560759,4.601728075907473,4.849262352218863,4.979937878871053,4.805856605407973,4.343805421853684,4.5385430078511595,4.538222256359206,4.537060588675249,4.507889723596764,4.473831314355487,4.496264120300423,4.4847469845050165,4.4847469845050165,111.0
3.421615019831458,3.6635616461296543,3.451924012823629,3.6635616461296463,3.6635616461296463,3.6635616461296463,3.2580965380214817,4.2469187876169485,4.247219951263573,4.274097638979968,3.76783367054002,3.7539041210790014,3.8202629636104684,3.6948366160326485,3.6948366160326485,30.0
3.546174858858684,3.2580965380214906,3.571121301476513,3.2580965380214817,3.2580965380214817,3.2580965380214817,3.295836866004329,3.3582723235531,3.3580001158960617,3.3583202330427024,3.518406568628703,3.4919370548898785,3.6543666426265315,3.459017040982259,3.459017040982259,25.0
4.72007756204637,4.744011263894004,4.734352153154301,4.6858277397224954,4.674956766808546,4.674956766808546,4.762173934797756,4.695709655473243,4.695238150820346,4.6948710261964886,4.754051809937875,4.769138782471361,4.6443640759119384,4.740308049105096,4.740308049105096,132.0
2.977283765826686,2.9949104765130143,2.9735176635444223,3.0518426569899217,3.033583415225765,3.188227635396108,3.295836866004329,3.0278889067703245,3.0279084813209476,3.0323293312999633,3.3274299027850938,3.298592539009974,3.004724802225386,3.1162654482381007,3.1162654482381007,19.0
4.86170174534118,4.86170174534118,4.86170174534118,4.719463073272813,4.7889975955248,4.7889975955248,4.969813299576001,4.899396336866395,4.900288346723532,4.921711124037675,4.886345110563796,4.8715795362527965,4.852253125008749,4.874842337008901,4.874842337008901,63.0
4.632224848811607,4.632224848811607,4.6322248488116164,4.719463073272813,4.7889975955248,4.7889975955248,4.632224848811607,4.853296650105531,4.853963511706848,4.853752609490524,4.681165569760975,4.737712939386628,4.68336340269591,4.688193951682738,4.688193951682738,221.0
4.760560425219348,4.759306743675994,4.762515933158926,4.719463073272812,4.7889975955248,4.7889975955248,4.7535901911063645,4.861697265075894,4.861641645383737,4.861598101977226,4.791418281702142,4.835215296924429,4.805465902334756,4.8783749354521335,4.8783749354521335,182.0
4.511147875746447,4.5309052585241485,4.509479043814595,4.227401100457674,4.331150285229888,4.331150285229888,4.343805421853684,4.154950477704862,4.155106498102428,4.1588137844514765,4.466499058419956,4.507178778433254,4.413346504426898,4.449827242495607,4.449827242495607,93.0
4.1150783001302855,4.188788752317348,4.065092411081556,4.297603348686766,4.311689279759618,4.311689279759618,3.9318256327243257,4.070774457829528,4.07076725085136,4.073209156037399,4.351444407544214,4.342888790648588,4.246729245767817,4.082852112157506,4.082852112157506,38.0
4.513853476882927,4.54040251785904,4.499467241193032,4.292577563062272,4.413801530138192,4.413801530138192,4.343805421853684,4.340587911537406,4.340605854831201,4.34751651386505,4.53961900082467,4.526315223821884,4.5473774478704545,4.586197530958613,4.586197530958613,77.0
