rank,model,bf_set,params
1,CB,BF3,"{'depth': 4, 'iterations': 100, 'learning_rate': 0.1}"
2,CB,BF2,"{'depth': 4, 'iterations': 100, 'learning_rate': 0.1}"
3,ET,BF3,"{'criterion': 'squared_error', 'max_features': 1.0, 'min_samples_split': 4, 'n_estimators': 100}"
4,CB,BF1,"{'depth': 4, 'iterations': 100, 'learning_rate': 0.1}"
5,GB,BF3,"{'learning_rate': 0.05, 'max_depth': 3, 'n_estimators': 100}"
6,KNN,BF4,"{'n_neighbors': 9, 'weights': 'distance'}"
7,RF,BF3,"{'criterion': 'absolute_error', 'max_features': 0.7, 'min_samples_split': 2, 'n_estimators': 150}"
8,GB,BF2,"{'learning_rate': 0.05, 'max_depth': 3, 'n_estimators': 100}"
9,ET,BF1,"{'criterion': 'absolute_error', 'max_features': 0.7, 'min_samples_split': 2, 'n_estimators': 100}"
10,DT,BF4,"{'criterion': 'squared_error', 'max_features': 0.7, 'min_samples_split': 4}"
11,ET,BF4,"{'criterion': 'squared_error', 'max_features': 1.0, 'min_samples_split': 2, 'n_estimators': 50}"
12,GB,BF4,"{'learning_rate': 0.1, 'max_depth': 2, 'n_estimators': 100}"
13,KNN,BF3,"{'n_neighbors': 7, 'weights': 'distance'}"
14,DT,BF3,"{'criterion': 'squared_error', 'max_features': 0.7, 'min_samples_split': 4}"
15,XGB,BF2,"{'learning_rate': 0.1, 'max_depth': 3, 'n_estimators': 100}"
16,ET,BF2,"{'criterion': 'squared_error', 'max_features': 0.7, 'min_samples_split': 2, 'n_estimators': 150}"
17,RF,BF2,"{'criterion': 'absolute_error', 'max_features': 0.7, 'min_samples_split': 2, 'n_estimators': 100}"
18,XGB,BF3,"{'learning_rate': 0.1, 'max_depth': 3, 'n_estimators': 100}"
19,RF,BF1,"{'criterion': 'squared_error', 'max_features': 0.7, 'min_samples_split': 2, 'n_estimators': 50}"
20,RF,BF4,"{'criterion': 'squared_error', 'max_features': 0.7, 'min_samples_split': 2, 'n_estimators': 150}"
