Reactor working volume,Cathode projected surface area,Substrate concentration,Applied voltage,S/V ratio,Temperature,H2 production rate
26,7,0.5,0.6,27,31,0.05
26,7,1.6,0.6,27,35,0.05
28,4,2.4,0.6,14,30,1.5
48,6,0.8,0.6,13,30,1.7
28,7,1.2,0.9,25,30,0.32
26,7,2.3,0.6,27,30,0.08
28,7,1.2,0.9,25,30,2.01
25,14,0.8,0.7,56,20,0.4
350,78,0.8,1.1,22,30,4.18
28,7,4.1,0.7,25,30,1.2
25,14,0.8,0.7,56,20,0.51
28,7,0.8,0.6,25,30,0.9
100,6,0.6,0.5,6,35,0.58
34,12,1.4,0.9,35,30,1.1
28,7,1.2,0.9,25,30,0.29
28,7,1.1,0.9,25,30,1.87
28,7,8.1,0.7,25,30,0.12
26,7,1.1,0.8,27,34,0.09
28,7,4.1,0.7,25,30,0.8
26,7,0.5,0.6,27,25,0.05
26,7,2.1,0.8,27,4,0.37
95,30,1.0,0.9,32,33,1.09
26,7,0.8,0.6,27,26,0.2
250,250,0.6,0.5,100,30,0.04
120,12,0.8,0.8,10,20,0.18
25,7,12.2,0.8,28,25,0.02
462,20,2.5,0.9,4,25,0.04
26,7,2.1,0.6,27,4,0.25
25,14,0.8,0.7,56,20,0.28
500,175,1.6,1.0,35,30,1.47
26,7,1.6,0.6,27,29,0.13
50,50,1.1,1.0,100,30,4.14
28,7,8.1,0.7,25,30,0.17
25,7,12.2,1.0,28,25,0.02
28,4,2.4,0.6,14,30,2.0
28,7,2.2,0.9,25,30,0.74
26,7,1.1,0.8,27,28,0.54
140,4,0.8,0.8,3,25,0.03
28,7,1.2,0.9,25,30,0.29
26,7,1.1,0.6,27,27,0.42
28,7,1.2,0.9,25,30,0.38
462,20,2.5,0.5,4,25,0.03
28,7,1.6,0.9,25,30,0.32
28,7,1.2,0.9,25,30,0.28
28,7,14.5,0.5,25,30,1.0
25,7,12.2,0.6,28,25,0.02
26,7,2.1,0.6,27,25,1.01
28,7,1.6,0.8,25,30,1.31
28,7,0.8,0.6,25,30,1.3
25,14,0.8,0.7,56,20,0.5
28,7,1.1,0.5,25,30,0.83
28,7,14.5,0.5,25,30,1.0
34,12,1.4,0.9,35,30,0.52
34,12,1.4,0.9,35,30,0.67
50,50,1.1,1.0,100,30,5.4
40,20,1.0,1.0,50,33,1.04
28,7,0.8,0.9,25,30,1.4
28,7,1.6,0.9,25,30,0.38
26,7,2.3,0.6,27,36,0.02
28,7,1.6,0.8,25,30,1.32
28,7,1.2,0.5,25,30,0.14
26,7,4.1,0.6,27,19,0.91
462,20,2.5,0.7,4,25,0.04
28,7,1.2,0.9,25,30,0.41
28,7,0.8,0.9,25,23,3.66
28,4,2.4,0.6,14,30,2.1
28,7,0.8,0.6,25,30,1.2
25,14,0.8,0.7,56,20,0.55
26,7,0.8,0.6,27,32,0.04
26,7,1.1,0.6,27,33,0.05
28,7,1.6,0.8,25,30,1.21
28,7,1.2,0.5,25,30,0.8
