CB_BF3,CB_BF2,ET_BF3,CB_BF1,GB_BF3,KNN_BF4,RF_BF3,GB_BF2,ET_BF1,DT_BF4,ET_BF4,GB_BF4,KNN_BF3,DT_BF3,XGB_BF2,ET_BF2,RF_BF2,XGB_BF3,RF_BF1,RF_BF4,XGB_BF1,HGB_BF2,CB_BF4,XGB_BF4,HGB_BF1,H2 production rate
0.14434922402413547,0.15220650583715412,0.08319298631074966,0.1282526034814454,0.13817959594422655,0.048790164169432014,0.08371332678322463,0.1379717042370563,0.09404749391632211,0.09011081137222265,0.04879016416943202,0.10292103558811856,0.048790164169432014,0.048790164169432014,0.10413216054439545,0.04879016416943211,0.0810561094644429,0.10463578999042511,0.10292293412871309,0.08133925951547759,-0.008216041140258312,0.07248302883247268,0.13753266279890858,0.11151588708162308,0.0382865554708258,0.05
0.2525082557273411,0.2608128883103578,0.16743835525308037,0.04968483801259049,0.24024194707608126,0.12221763272424921,0.23511283728942664,0.2300143574422543,0.04808994659345978,0.12221763272424921,0.12221763272424908,0.26538358900962333,0.12221763272424921,0.17388822283561686,0.2684835195541382,0.12221763272424928,0.23695118719837865,0.21099719405174255,0.10026757022919792,0.23926500033127013,0.07273517549037933,0.20927430463353597,0.2783845169995134,0.2596832811832428,0.13975126124006773,0.05
1.0407395785739166,1.0484823553374314,1.0859929064986835,1.0394024173001177,1.0266378788237338,1.1150072000796052,1.0429831131301002,1.0287896775439134,1.1150072000796039,1.1150072000796052,1.1150072000796045,1.0525315324338012,1.1150072000796052,1.1150072000796052,1.0733633041381836,1.115007200079607,1.0474114683518605,1.0623652935028076,1.0596380320392282,1.0279709344909291,1.0733180046081543,1.1303245487825169,0.9390478770839745,1.0234781503677368,1.047535975542191,1.5
0.5932827997116773,0.737054728646914,0.7609922664627446,0.7711372305995938,0.63216284967413,0.738913002418387,0.699389725126697,0.6781112726726231,0.7731237711188678,0.9355409109926448,0.7257045966945388,0.8370919707378337,0.43165862684751627,0.7544067898239231,0.5964072346687317,0.7526207988083867,0.734426474779923,0.601258397102356,0.7092816787834182,0.8150669810514262,0.5552424788475037,0.8117932632958561,0.6742056335142796,0.8037238121032715,0.8181507721335117,1.7
0.49342109339343926,0.49180967315372826,0.4206262994997774,0.5003876447869561,0.4840876376111281,0.4053215905383981,0.33011477613683343,0.49467077724221376,0.28836285877134676,0.4053215905383981,0.4053215905383982,0.46068588260807153,0.4206262994997769,0.4206262994997769,0.45176613330841064,0.42062629949977826,0.30900530636922247,0.44568127393722534,0.42766681341780993,0.3970869355060767,0.45715466141700745,0.42075122427853423,0.5204918680267598,0.4682028889656067,0.4450437532696767,0.32
0.2674866754917121,0.27755672059420833,0.14676853902332646,0.33572570063932333,0.25035709484155033,0.01980262729617971,0.15486424341485205,0.261677118525762,0.3329861324112017,0.01980262729617971,0.019802627296179733,0.2907529452862441,0.01980262729617971,0.31369363356045793,0.22620056569576263,0.019802627296179754,0.13768869763009164,0.2302224189043045,0.17187563225280958,0.14227939636265016,0.21832026541233063,0.24299965257324743,0.2693547311719324,0.2968318462371826,0.2658491986982568,0.08
0.386893732891774,0.3681645041484194,0.2832415758060264,0.3787207838125931,0.36814222002283703,0.302283047768085,0.29422276582425566,0.3915060711055592,0.2661369774859306,0.302283047768085,0.30228304776808523,0.368920581542105,0.2832415758060261,0.2832415758060261,0.3235498070716858,0.28324157580602577,0.2754459302701011,0.32157793641090393,0.28469333207570036,0.30096985587695074,0.3394445776939392,0.30726082883037126,0.4292009707852954,0.3658950626850128,0.316209227924949,2.01
0.3216132072655863,0.3329884244908653,0.37567244194941923,0.4003749577053844,0.3414412658336563,0.3756724419494196,0.38229257123952165,0.34237641411002573,0.4087873794674982,0.37567244194941957,0.37567244194941934,0.34522047682623647,0.37567244194941957,0.37567244194941957,0.3598536550998688,0.3756724419494192,0.38538545319152284,0.3598027229309082,0.376578656468063,0.371583660138848,0.38913586735725403,0.37470832300966755,0.3276853992770168,0.3506788909435272,0.3777312875586868,0.4
0.9904418370914647,0.9837481153737949,1.0931107193542926,0.9508842888568245,0.9971321323813686,0.527272793544108,0.8342261020811234,1.0213065762705769,0.6768349276751064,1.7466755349163499,0.6005748381111475,0.7185387718681892,0.8280398760615564,1.465856406824195,1.1712464094161987,0.6924828455425464,0.9201849169255607,0.9331653118133545,1.0019438779804395,0.8638445345440149,1.1144647598266602,0.8331081648197373,0.5899581935580629,0.7089466452598572,0.9093091758684242,4.18
0.5408818484995016,0.5389193705469949,0.5097830125199639,0.5477030743716073,0.5916972282174862,0.5877866649021191,0.4836409613190665,0.5910422361753536,0.5877866649021187,0.5708358890642784,0.5877866649021187,0.657289906118052,0.5877866649021191,0.28603969967292897,0.6105597615242004,0.5877866649021206,0.5328076925344027,0.5799806714057922,0.5387147794306287,0.5235937355927014,0.5735291242599487,0.5719881867975304,0.5745568035918577,0.5782376527786255,0.6038835811668533,1.2
0.3046584757460872,0.3190205815753482,0.35676308839801457,0.3655398894997818,0.32389747413361203,0.3567630883980146,0.3610018619241413,0.3307107309508154,0.370968672364689,0.35676308839801457,0.3567630883980148,0.30719070158766876,0.35676308839801457,0.35676308839801457,0.33680275082588196,0.3567630883980136,0.3651506939009454,0.3299853503704071,0.35622857819912257,0.3562881203894817,0.3661482036113739,0.35530071220879705,0.32186663278018834,0.32500264048576355,0.3613870214908789,0.51
0.7356595177642413,0.7427013398182002,0.8054713595138415,0.7062394565801355,0.748430565984736,1.0089626671977072,0.7809071585277138,0.7280537559511638,0.8106832416496857,1.0089626671977072,1.0089626671977072,0.8544708559889369,0.8106832416496871,0.8715394187698858,0.7787215113639832,0.8106832416496853,0.7545288796509957,0.7866507768630981,0.807706902638841,1.001087058822464,0.7475156188011169,0.8222764014228109,0.7796465078345012,0.8361230492591858,0.835679524776661,0.9
0.39310966268638203,0.19548605600476815,0.5406670243984771,0.3099140652326915,0.6339777586789814,0.6009358053571189,0.5232710777644843,0.29893977725730875,0.42505365961871,0.9932517730102833,0.5489846156371224,0.42761626958262466,0.6337759158081471,0.9932517730102833,0.30273494124412537,0.4856589439969206,0.390730448649334,0.3530605435371399,0.5065882140112613,0.5844099726550646,0.31741809844970703,0.847507403977614,0.3262543441280905,0.5273733735084534,0.7673208991123222,0.58
0.4727399176182586,0.48366899846736955,0.4693345771868682,0.458982241869445,0.4776462276052814,0.46576698064342437,0.4447792130082978,0.46412082212884137,0.4657669806434235,0.46576698064342437,0.46576698064342403,0.4791820541273261,0.46576698064342437,0.46576698064342437,0.43351057171821594,0.4657669806434233,0.44618789162029204,0.4418433904647827,0.43932537184396453,0.4558162436658533,0.44437703490257263,0.42534591156901996,0.5073928769828818,0.48870590329170227,0.4419906824613117,1.1
0.486761040711392,0.49401923672889997,0.4244578858705596,0.5026784813564475,0.49582305982434627,0.40819528031648544,0.34752218945242896,0.4951961686707991,0.2998576178836958,0.40819528031648544,0.4081952803164852,0.4623069400334476,0.42445788587056005,0.42445788587056005,0.45686233043670654,0.42445788587055955,0.3282175961792175,0.45358046889305115,0.39967313684280925,0.4062026541741372,0.4641745984554291,0.4364022755024056,0.5185357145746659,0.4678485095500946,0.44732318251100905,0.29
0.6601975335339196,0.6728222509944839,0.5986848880545882,0.7762067229658567,0.7732276305978907,0.6043159668533296,0.5756321240552392,0.7823216142485071,0.43507473007138736,0.6043159668533296,0.6043159668533288,0.717671398249073,0.4001985047995631,0.400198504799563,0.9086025953292847,0.5778586429423744,0.5111153929771958,0.8435219526290894,0.5753347064120705,0.6410402945991943,0.7843047380447388,0.6474910629293963,0.5970087907300203,0.7465790510177612,0.6002307790748134,1.87
0.3656477823507279,0.3809700880819844,0.31185479510920033,0.39292755153987263,0.33675428593268786,0.15700374880966475,0.37677094121892357,0.3746783432574103,0.15700374880966458,0.5144327033098518,0.15700374880966467,0.3313846053443121,0.15700374880966475,0.15700374880966475,0.2683830261230469,0.15700374880966458,0.39022621057666235,0.26610058546066284,0.3736378014577819,0.34825399513748095,0.27496445178985596,0.34448801859961337,0.4333800524163108,0.43692004680633545,0.4784056624575715,0.12
0.3588235798217691,0.2957867105067017,0.4088189767968374,0.15830883998220285,0.3326044954318561,0.27707648406937974,0.3748140712940174,0.3606152441966414,0.23856054780814462,0.27707648406937974,0.2770764840693795,0.26452742157846404,0.4317824164255378,0.2554652611872503,0.4118179976940155,0.4317824164255395,0.3887673674540484,0.4158455729484558,0.16485437689390597,0.28219937104897536,0.12866783142089844,0.4887607114150083,0.30147050237013157,0.26134034991264343,0.25571430682730756,0.09
0.7192009725094218,0.6858275919865857,0.649085248385004,0.6606010392319719,0.7085755553358235,0.7884573603642702,0.640239188520152,0.7014877833204273,0.7884573603642707,0.7884573603642702,0.7884573603642696,0.7326883941393982,0.7884573603642702,0.35292993149364604,0.7654440999031067,0.7884573603642726,0.6563977112215191,0.7608621716499329,0.6848127686321247,0.6743878902451389,0.6902419924736023,0.7179720432577381,0.6530444354972069,0.6832805275917053,0.7197098737038915,0.8
0.14434922402413547,0.15220650583715412,0.08360619278277757,0.34174377123796923,0.13817959594422657,0.048790164169432014,0.0806482221778862,0.13797170423705632,0.2975554607463388,0.09011081137222265,0.04879016416943202,0.10292103558811856,0.048790164169432014,0.048790164169432014,0.10413216054439545,0.04879016416943211,0.08230258761228886,0.10463578999042511,0.3122200027250346,0.07679269184506675,0.425580769777298,0.07248302883247268,0.13753266279890858,0.11151588708162308,0.38830559206731285,0.05
0.303286456283466,0.24643415021612153,0.5042569099311569,0.3779231257395219,0.31011052109350334,0.46063913669259704,0.34414356407172636,0.2781653022212724,0.346667978568403,0.46063913669259704,0.4606391366925967,0.2523583921250913,0.6530665776460595,0.1792542466542566,0.44591808319091797,0.3771075266300541,0.3505271867740339,0.4336768090724945,0.3549247415161514,0.41425024127999927,0.3983097970485687,0.3092441477483092,0.26825178292766905,0.2607401907444,0.47545206192925565,0.37
0.6785502284753463,0.6830858412314468,0.5907198628513793,0.6454178112204336,0.7321082942678007,0.7604540196787748,0.5303765701935329,0.8399738013391516,0.5635342129267046,0.45742484703887537,0.9918836799280092,0.5165455316700388,0.7186540441140062,0.5578237686720754,0.8709530234336853,0.6391134597721162,0.6944648165237786,0.9503213763237,0.674512295803089,0.4959724489085979,0.6929858922958374,0.34527648830677266,0.5780152431816461,0.7818633317947388,0.2940928405654106,1.09
0.22921913483815354,0.22076572984873494,0.07984666551395911,0.3583990663800901,0.20118839604830782,0.039220713153281295,0.08589853138136666,0.20157875648430515,0.23649794373653663,0.04560034716404845,0.039220713153281336,0.28259007435909134,0.039220713153281295,0.04560034716404845,0.15578500926494598,0.03922071315328134,0.07652194428052693,0.17803049087524414,0.30094809954955903,0.07729657979948844,0.33651161193847656,0.03105876994447431,0.32919966457454597,0.24851639568805695,0.22071968911148812,0.2
0.6962433638152339,0.8954984305876114,0.6383774747568325,0.8010187557302976,1.131887163338052,0.9010659140369768,0.8470721073945763,1.2144655476411599,1.2121468582391537,0.9042181506398858,1.2596784220296966,1.3582948652076814,1.001979823235359,0.029558802241544398,1.4633506536483765,1.2870357035040059,1.129749470064632,1.4512354135513306,1.2594676897336723,1.38642017122269,1.4596110582351685,1.1769182071859254,1.2279755016067362,1.6014875173568726,1.1434901972681055,0.04
0.49228363152752097,0.6284350317155136,0.44674911919615395,0.6753426155529548,0.5211350366809334,0.5176726055642411,0.6974692381204122,0.776297626897095,0.47999991142541565,0.45742484703887537,0.38101107267764944,0.6227768652398927,0.4228614700894785,0.8239357419138607,0.6214185953140259,0.5099032624440685,0.8484287778135373,0.49060916900634766,1.0204410786414586,0.637712720109101,1.0638571977615356,0.7823545387082316,0.5466401714395787,0.4763794541358948,0.6862649054941699,0.18
0.18594739501413815,0.06692672590750598,0.13089638685504865,0.09201401857773966,0.10507603021339071,0.01980262729617971,0.1782980384456406,0.1273707831380265,0.04457073378869438,0.01980262729617971,0.019802627296179733,0.03743459906683183,0.27590190397186826,0.2775902841688745,0.15593980252742767,0.08699226999697933,0.18948642177064667,0.2021343857049942,0.20331220991448645,0.11124038581700356,0.058551907539367676,-0.11791704340710348,0.04253940297675218,0.006427138578146696,0.021465155453063166,0.02
0.17150560988942148,0.17085698518302644,0.31626906402657423,0.1712061252130811,0.09438526439123046,0.03438975769741284,0.20193239243764813,0.052278403787785255,0.1521753853804155,0.03438975769741284,0.03438975769741282,0.07880916539712779,0.5251764603789136,0.036000076182702324,-0.006998891942203045,0.2200943526753716,0.10395897450407578,-0.009831258095800877,0.1722034201828956,0.08080970772743284,-0.03570666164159775,-0.029602320140409043,0.09486233332813038,0.11033108830451965,0.01719501978523665,0.04
0.2490754419762518,0.2363467783088054,0.3824939591540778,0.4014151728206004,0.28421855224248166,0.5064727309555089,0.4636999165229644,0.2807209633778018,0.5312759081539301,0.5064727309555089,0.5064727309555085,0.3322110563441726,0.6981347220709844,0.26496613016776416,0.39422494173049927,0.6981347220709857,0.47216406515215403,0.39587703347206116,0.5241110669137291,0.44430116822663296,0.42404305934906006,0.44464832241030594,0.2774377271841904,0.27038541436195374,0.5020504305385906,0.25
0.34554514560634336,0.35698214279339074,0.39807548162184075,0.41251605302591793,0.3729838236979262,0.39807548162184136,0.396587735128353,0.371918420577062,0.4087873794674982,0.39807548162184136,0.3980754816218414,0.3463791753077931,0.39807548162184136,0.39807548162184136,0.38206368684768677,0.3980754816218398,0.39811863559113897,0.386612206697464,0.3997449347027276,0.39433285461077117,0.4085824191570282,0.3982320068419414,0.34029230828412116,0.3662356734275818,0.39983417956801953,0.28
1.1370810824702018,0.9065492410853244,1.18621342951565,1.086204955764944,0.9650858735009127,0.6755335709549027,1.0432187197634148,0.7961336468717407,1.0748253565233101,0.039220713153281295,0.8129454131651876,0.784054435049586,0.775465744608888,1.7127187087013638,1.3333677053451538,1.1066015702982366,0.9690511647474175,1.3004258871078491,1.0979476453508763,0.843373665462111,1.3449784517288208,1.1449908443247705,0.6545620289413051,1.282843828201294,1.2056843461464837,1.47
0.2422962933454414,0.2558258565525101,0.10695197820520402,0.34036822723136995,0.22161985999137385,0.048790164169432014,0.20109693038433768,0.21468466697807267,0.2974677120342549,0.048790164169432014,0.04879016416943202,0.24694537602188832,0.048790164169432014,0.048790164169432014,0.23966728150844574,0.04879016416943211,0.1882874392697797,0.1949799507856369,0.28906770375899804,0.18118845544739534,0.3742089569568634,0.17142309985338655,0.2689774422258192,0.24599678814411163,0.3000839840033199,0.13
1.6818452794650278,1.662681621349755,1.436701231359983,1.6747883815210567,1.7105417442301305,1.856297990365626,1.4310698223911953,1.721470631102447,1.8562979903656258,1.7505515233185087,1.8562979903656278,1.7757544715671474,1.856297990365626,1.468440399092301,1.7702317237854004,1.8562979903656256,1.3410152948764429,1.7693843841552734,1.3403746636308158,1.4865046055353917,1.729722499847412,1.6271737419545826,1.7167747878900446,1.6999529600143433,1.4657275184345406,4.14
0.3278026869230986,0.35955869992881995,0.28885618037697985,0.39288549375539417,0.2990471318346067,0.11332868530700317,0.37101274401945744,0.33358603316750857,0.11332868530700323,0.4998743488089646,0.11332868530700323,0.2894322953046636,0.11332868530700317,0.11332868530700317,0.23337270319461823,0.11332868530700321,0.42223794299375006,0.2309817224740982,0.31987598053720334,0.35714917993359274,0.24244269728660583,0.31723083980409894,0.4195429877381359,0.4158186614513397,0.4582929069742711,0.17
0.1895423327800651,0.22851693924315508,0.502795413897621,0.26462455605850344,0.43931480602612283,0.01980262729617971,0.33661250179640334,0.56237751757442,0.37136188297181216,0.01980262729617971,0.019802627296179733,0.03743459906683179,0.25133653505367876,0.01980262729617971,0.3016301989555359,0.4063073659580094,0.5137666749787693,0.3223777711391449,0.3910776419561161,0.08899097901716051,0.34489330649375916,0.6931847023659846,0.04253940297675218,0.006427138578146696,0.8367291660009164,0.02
0.9426555785375175,0.9662743093863019,1.0088555566653155,0.9517690976659675,0.9366273955329997,1.0238464216826277,0.9913094330678291,0.9321434849197024,1.02384642168263,1.0238464216826277,1.0238464216826275,0.9651632915047763,1.0238464216826277,1.0238464216826277,0.9779695272445679,1.0238464216826313,0.992049458199338,0.9688799977302551,1.0225097179920626,0.9860145278324856,0.9971771240234375,1.0316661070023867,0.8843759726594891,0.9359102845191956,0.9607407286606925,2.0
0.42120491921275877,0.44959232596768456,0.29331028505349194,0.4452763418208735,0.4810513353266279,0.3963843155708553,0.3551223067041612,0.5043726550425582,0.3494761820619407,0.614304492301795,0.6417264562568932,0.5526799285909022,0.4880219143158012,0.29985761788369636,0.4344457685947418,0.31891242174882695,0.3685118662688851,0.48805370926856995,0.3891333512906858,0.6510284312334733,0.5026564002037048,0.41698399265488933,0.5493952792737509,0.5625532865524292,0.46277681950244753,0.74
0.2454471196216429,0.1945953828516932,0.13958688103545344,0.28745624767151146,0.18033935602518697,0.1618749106745512,0.18517667724560657,0.18734988065387778,0.286158194916422,0.1618749106745512,0.16187491067455112,0.20159225975728362,0.08617769624105233,0.14026368779242185,0.17869918048381805,0.08617769624105216,0.1783370343182119,0.15402618050575256,0.29394244599545805,0.1816534470158695,0.3055286705493927,0.23832520883053232,0.24134701026885153,0.212672621011734,0.37781801141089033,0.54
0.5532690079179935,0.45171048969710487,0.4326881524612691,0.4799660571049351,0.42826253211548154,0.5258848064810447,0.6784472785150136,0.2912336357669189,0.3887481477051904,0.16551443847757338,0.45200319935941125,0.4979934915283024,0.449035327604257,0.16551443847757338,0.32241183519363403,0.41316632784787166,0.5929566820602816,0.3843294084072113,0.5887216672532373,0.7164563163450085,0.2370666265487671,0.3833156441739283,0.6647424679080244,0.42921361327171326,0.43532080284046265,0.03
0.486761040711392,0.4940192367289,0.4244578858705596,0.5026784813564475,0.49582305982434627,0.40819528031648544,0.34195835012909453,0.4951961686707991,0.2998576178836958,0.40819528031648544,0.4081952803164852,0.46230694003344763,0.42445788587056005,0.42445788587056005,0.45686233043670654,0.42445788587055955,0.32326760387544196,0.45358046889305115,0.4002877496502372,0.4077945428413626,0.4641745984554291,0.4364022755024056,0.5185357145746659,0.4678485095500946,0.44732318251100905,0.29
0.17304734216086287,0.1676113268099163,0.07629011474560404,0.28754440270741166,0.16586495211097219,0.18891675894534068,0.08501274905733802,0.1820097573695375,0.19894646737590718,0.18891675894534068,0.18891675894534093,0.21728265447723175,0.048790164169432014,0.07326598702103775,0.11564656347036362,0.04879016416943211,0.0784187179880423,0.14414159953594208,0.2926754137888614,0.195379301408547,0.292937308549881,0.11201987904535457,0.24680478030680908,0.22586648166179657,0.3290951175930258,0.42
0.4837150236213988,0.4899139904567249,0.4132176724046373,0.48783434640574447,0.4881459554676198,0.39976512021704386,0.32368006615773787,0.49171176755532586,0.2661369774859306,0.3997651202170438,0.39976512021704386,0.45841811277805206,0.41321767240463797,0.41321767240463797,0.447797954082489,0.41321767240463636,0.31554966758113057,0.4398109018802643,0.38798876737844273,0.39688671194698427,0.44943517446517944,0.4243959333593172,0.5206626478534899,0.4670989513397217,0.4388787031537475,0.38
0.0995171572342411,0.15326140809719763,0.07714058533304338,0.0841150650660315,0.06862070424990091,0.039220713153281295,0.23405732272835986,0.07902311331628935,0.10322629456754738,0.039220713153281295,0.039220713153281336,0.08193635419190902,0.34240473277307365,0.039220713153281295,0.022202210500836372,0.11084106197559473,0.15623437015248015,0.052938058972358704,0.07286005276382426,0.1100349507476874,0.025363821536302567,0.022647114414618308,0.08627428468277781,0.11503379046916962,0.00799757972212574,0.03
0.5215033982509292,0.49606846522058384,0.3753978704022983,0.5111390033072835,0.5601103439465503,0.6984726812276739,0.41659657853102916,0.5290836305643206,0.32208349916911394,0.6984726812276739,0.6984726812276736,0.5784506138493924,0.3220834991691133,0.3220834991691133,0.5523315072059631,0.32208349916911283,0.40925315085139735,0.5516315698623657,0.44989761770910697,0.6920742256283443,0.5611089468002319,0.5057020426612904,0.5738438065857047,0.5748617053031921,0.5758688023440267,0.32
0.4861095239994282,0.4947671929696573,0.42575490927756937,0.5033381163426042,0.49484391490563384,0.4091680478717423,0.33392586022793896,0.5033755067532855,0.2998576178836958,0.4091680478717424,0.4091680478717419,0.4597773017021998,0.4257549092775692,0.4257549092775692,0.46099236607551575,0.4257549092775702,0.3394594288079307,0.4511992931365967,0.3960777089737853,0.410040717595988,0.4629803001880646,0.43962510589225157,0.5190071526333808,0.47034984827041626,0.4530897689065438,0.28
0.6046540529451275,0.5817910658449381,0.5767885649258351,0.5805062848510042,0.6497782022854482,0.6931471805599453,0.5433700522020944,0.6355455845465632,0.6931471805599458,0.32115987155887105,0.6931471805599446,0.6261817837558064,0.6931471805599453,0.6931471805599453,0.6510969400405884,0.6931471805599463,0.5347112661595473,0.6619786620140076,0.48658509337613565,0.523822748410047,0.656206488609314,0.5297379108918897,0.5374537785295872,0.5790011286735535,0.3588103039460497,1.0
0.16910067011787439,0.11982211425453743,0.2356490295029779,0.1606254001701114,0.060882726822764084,0.01980262729617971,0.2541982940031707,0.026716542674655536,0.12791778338468374,0.01980262729617971,0.019802627296179733,0.03743459906683178,0.37496996362065854,0.6471032420585385,0.042498644441366196,0.21552142491820073,0.2137433138032366,0.0059439693577587605,0.18484884041965774,0.09563158949686941,0.03771559149026871,-0.0215723882729668,0.04253940297675224,0.006427138578146696,0.08141616752820538,0.02
0.16029054357041028,0.1449918980214428,0.14243299295687706,0.1940403170068971,0.15797714735312846,0.2689771455771216,0.17927985609018723,0.1646229357580332,0.15812359451874833,0.2689771455771216,0.26897714557712155,0.18591690989338913,0.22314355131420974,0.22314355131420974,0.14232009649276733,0.2231435513142095,0.17095030275986475,0.1359892338514328,0.15595189258617978,0.23660213463557714,0.12951092422008514,0.15404689329293253,0.21174206030385634,0.20950263738632202,0.13437731337098563,1.01
0.5885477409981411,0.5933496589246354,0.802205777281022,0.6170972110446094,0.5395358674731192,0.5585687342438181,0.7250689097002402,0.5355873005353167,0.8172798506039389,0.5585687342438181,0.5585687342438178,0.5269320281784874,0.81727985060394,0.81727985060394,0.5975313186645508,0.8172798506039388,0.7293551504673402,0.620796263217926,0.751575699931778,0.5574417229737126,0.6077085733413696,0.6929031277969054,0.5202538728111927,0.5317952632904053,0.600315480808096,1.31
0.6755932301050628,0.691218360831151,0.7151755634424208,0.6613719085845092,0.6829609517906916,0.9611988580070299,0.7051444212054913,0.6501313671887551,0.7151556232683318,0.9611988580070299,0.9611988580070302,0.8365864450698327,0.7151556232683325,0.8078543398489827,0.6960324048995972,0.7151556232683314,0.6852373509258145,0.6953264474868774,0.707673500969497,0.9610620760410005,0.6820078492164612,0.734375585390402,0.7484612613585533,0.8102521300315857,0.7884183880173558,1.3
0.30586164604134763,0.31642853666096543,0.35842422407768104,0.3692269695205102,0.322193122257177,0.3584242240776817,0.362418604596479,0.3295524028534018,0.3742909437240229,0.3584242240776817,0.35842422407768176,0.3265813796461595,0.3584242240776817,0.3584242240776817,0.33808231353759766,0.35842422407768076,0.3582690222221834,0.34507128596305847,0.3481066547399299,0.3513018476945665,0.36881840229034424,0.36078812580972947,0.32265568926330523,0.32593023777008057,0.3615797157447882,0.5
0.48604829302645786,0.5747745782867802,0.4010658586048252,0.5083477583960075,0.661788754797933,1.0543120297715298,0.629303636086583,0.6952000738110526,0.4376366497513957,1.0543120297715298,1.0543120297715303,0.8406213391518988,0.3780416206297411,0.35940746365426157,0.6933049559593201,0.40277638179334135,0.5686665685749684,0.6719905138015747,0.6408720495247033,0.9495033028265435,0.6369758248329163,0.6280129298102678,0.7101438932428756,0.8352600336074829,0.7111954381265051,0.83
0.6046540529451275,0.5817910658449381,0.5770187846183421,0.5805062848510042,0.6497782022854482,0.6931471805599453,0.528854799130253,0.6355455845465634,0.6931471805599458,0.32115987155887105,0.6931471805599446,0.6261817837558064,0.6931471805599453,0.6931471805599453,0.6510969400405884,0.6931471805599463,0.5072005491485061,0.6619786620140076,0.5047246642166834,0.5114635273136704,0.656206488609314,0.5297379108918897,0.5374537785295871,0.5790011286735535,0.3588103039460497,1.0
0.5494006100425577,0.5703124525897633,0.6315194662737923,0.534802941703693,0.5473570826262433,0.6273804855790206,0.5902198926052808,0.5640921937836109,0.6273804855790193,0.6273804855790206,0.6273804855790209,0.5776286816491192,0.6273804855790206,0.6273804855790206,0.5742083191871643,0.6273804855790209,0.6219363751629446,0.5603877305984497,0.5859317929352811,0.6023054771172887,0.5493782758712769,0.5881764376592897,0.5914029534447084,0.5716221928596497,0.599584653720398,0.52
0.5327612439900362,0.5452445359491788,0.584990346741694,0.5096348826176976,0.5332869461739289,0.5803238397937811,0.5529050439097811,0.5334394430383388,0.5803238397937796,0.5803238397937811,0.5803238397937811,0.5514681271380567,0.5803238397937811,0.5803238397937811,0.5319266319274902,0.5803238397937789,0.5859367475702991,0.5211899280548096,0.5480713602120715,0.5614304313402811,0.5112143158912659,0.5496444890883373,0.5773682255839133,0.5619722008705139,0.5526626859767639,0.67
1.4897248428237582,1.4612465319472232,1.2821640118417275,1.4895364371173494,1.522751833116861,1.6370530794670737,1.3021051794496001,1.5004438460917382,1.637053079467077,1.395358762126117,1.6370530794670746,1.5567104900817763,1.6370530794670737,1.395358762126117,1.5513436794281006,1.637053079467078,1.2861549602153832,1.5710420608520508,1.3001853496584346,1.3696198385690461,1.5305031538009644,1.423533814220907,1.5276081495240266,1.5355864763259888,1.342643697365467,5.4
1.2070114696969196,0.9873392687376314,1.1777219554089988,1.0554158176247257,1.0117126225341648,0.44485396428393953,1.1760058215415816,0.9682932233261191,0.8784223010342328,0.8293139983124297,0.7019659880666382,0.8326230672378622,0.7761744894064481,1.7127187087013638,1.362113118171692,0.8262939755006506,1.1702933070929433,1.3327747583389282,1.064835870114046,0.7841204554047663,1.3178895711898804,1.1984963693192827,0.764598781016913,0.823940098285675,0.9062176503405001,1.04
1.1158559006313444,1.0486595904733904,1.3937963759168668,0.9645125574439684,1.0697348804408937,0.9505589544023307,1.204017768565462,1.1216711645559583,1.0652777015705182,0.950558954402331,0.9505589544023317,0.8228013664729463,1.5390154481375544,1.2966637389545421,1.2603049278259277,1.5390154481375495,1.2613424269467963,1.332922339439392,0.9295672090697028,0.9503571040456967,0.9195500016212463,1.340965205124402,0.7417905230645729,0.8007922172546387,1.0689028973622283,1.4
0.5056752100083006,0.4780879833508333,0.341170013222756,0.5022056406381314,0.5418419757324183,0.6873597405849654,0.3768040450821355,0.5440322180841809,0.2776317365982798,0.6873597405849654,0.6873597405849659,0.5699395476297701,0.27763173659827944,0.27763173659827944,0.5358368754386902,0.27763173659828005,0.3839737056878554,0.5212333798408508,0.4031831096185355,0.6843866984228109,0.547753095626831,0.4831559792163293,0.576111980213915,0.5695787668228149,0.5476442269061512,0.38
0.2886989705626646,0.2983394492574048,0.1852694789946466,0.05868001591842614,0.31089175353420173,0.07696104113612834,0.2291626388347873,0.3146420722662015,0.05780484479877484,0.07696104113612834,0.07696104113612824,0.2903595020436413,0.07696104113612834,0.33274643817377414,0.2969331443309784,0.07696104113612816,0.22671091248109293,0.2913970649242401,0.12552528255749093,0.2222257107673684,0.09091290086507797,0.29326568351785015,0.2851552439637454,0.3088339567184448,0.07754395813299887,0.02
0.5881547811687232,0.593344559944319,0.800110741625934,0.6165047805815504,0.5446319097710264,0.5574888189576891,0.7162080204019119,0.5435060233498755,0.8151200200316836,0.5574888189576891,0.5574888189576895,0.5307481045663952,0.8151200200316818,0.8151200200316818,0.5949254035949707,0.815120020031684,0.7461858720956088,0.6280607581138611,0.7826000166422358,0.5491014602977903,0.6252153515815735,0.6820492739413166,0.520040748232845,0.5315583348274231,0.5846922179165935,1.32
0.6563842066297274,0.648183497439492,0.5906039684855348,0.6265963753613973,0.5962004202383839,0.4236470248123825,0.5807022528101736,0.5835773851641453,0.5877866649021187,0.4236470248123826,0.4236470248123823,0.47676087840120385,0.5877866649021191,0.5960513158777243,0.6013715863227844,0.5877866649021206,0.6060643478578749,0.6094874739646912,0.6086508890679737,0.42193606103211423,0.5672325491905212,0.6127497151837701,0.5366068917152939,0.4840390384197235,0.6558581359103809,0.14
0.2283871619599045,0.20588283537096813,0.1332492405961505,0.2469654754460152,0.1883090698473573,0.6791882501632699,0.11753690792038332,0.135755456604131,0.3781075652789656,0.048381834216154024,0.22579433175772717,0.17154669231266617,0.6076087919083746,0.048381834216154024,0.13385912775993347,0.140686169348255,0.10540404761172338,0.15258990228176117,0.30865574237218985,0.1100546568311109,0.19178621470928192,0.12003052883450274,0.19092833378142826,0.18791696429252625,0.29440055882055904,0.91
0.12439689461520476,0.12793789866065491,0.06905441899317927,0.13543836621807936,0.15782823025076959,0.03438975769741284,0.1891281556933434,0.1442481222000076,0.03409990037006074,0.03438975769741284,0.03438975769741282,0.07880916539712779,0.3079617175889759,0.036000076182702324,0.11217214167118073,0.05808635177540952,0.11536494886244857,0.13683141767978668,0.12758876059364332,0.10082861164212914,0.16665340960025787,0.03630364690766584,0.09486233332813038,0.11033108830451965,0.13217202156315175,0.04
0.4810597166412154,0.48071598084677636,0.4096333048678105,0.4913719452145827,0.4789363638089377,0.3970768445644234,0.33328157012330123,0.481310027090383,0.2661369774859306,0.39707684456442344,0.39707684456442366,0.45204301254274737,0.4096333048678107,0.4096333048678107,0.4402473568916321,0.4096333048678105,0.3244372243016154,0.4363085627555847,0.3980033284254999,0.40054780229612535,0.4478543698787689,0.4187209176710931,0.513307023643871,0.45717108249664307,0.4342162965286879,0.41
0.7667270391184193,0.7516368264754099,0.8910311944606824,0.5602280614413893,0.7766700197466182,0.7846722767064171,0.8295560626298908,0.7607299896242248,0.5940848152592634,0.7846722767064173,0.7846722767064168,0.7180756826925897,0.8754687373538999,0.9648903835627148,0.8272897601127625,0.8754687373538991,0.8129025382975793,0.8329149484634399,0.5978644497141852,0.7845767971144165,0.789739727973938,0.903768164788605,0.6354869313884568,0.706373929977417,0.774145873989891,3.66
0.9221365698001367,0.9492375804613495,0.9936556215101606,0.9439685610607148,0.9167668391360217,1.0074515102711323,0.9194253085088805,0.9268351845433356,1.0074515102711343,1.0074515102711323,1.007451510271132,0.9424413727425548,1.0074515102711323,1.0074515102711323,0.963732898235321,1.0074515102711337,0.9331868183398888,0.9555336236953735,0.9561045454678023,0.9099845186991773,0.9727201461791992,1.0100624369323017,0.8643840094500568,0.9302204847335815,0.9492270615748003,2.1
0.6852899961920095,0.7024661511475201,0.7358456330378602,0.6683716077519763,0.6934593319049001,0.9723117986497383,0.7288780321133459,0.671106487339935,0.7373815045537511,0.9723117986497383,0.9723117986497392,0.8357251218359272,0.7373815045537494,0.8226715940392607,0.713111400604248,0.7373815045537516,0.7411877131292587,0.6907532215118408,0.7564234005488535,0.975200940911602,0.6910077929496765,0.749737610651675,0.7438319269007756,0.8159404993057251,0.7965075063805954,1.2
0.29992418348405125,0.3107575669248499,0.35022676837193323,0.3552884047256498,0.31660390089384793,0.350226768371934,0.34713591296848634,0.31781781625500616,0.370968672364689,0.350226768371934,0.350226768371934,0.3143365434440661,0.350226768371934,0.350226768371934,0.3341526687145233,0.35022676837193295,0.35104455307348525,0.33837610483169556,0.3447296785351925,0.34157946736266287,0.35683369636535645,0.3512573964227229,0.3128562878737714,0.32433322072029114,0.3540137326349185,0.55
0.2496787489345353,0.27168671821153223,0.16238425901861636,0.14893657643374386,0.24504753997006395,0.18232155679395465,0.19369519571569638,0.23846649646461787,0.09020195384254633,0.18232155679395465,0.18232155679395476,0.29540251442584403,0.18232155679395465,0.19392286419218532,0.20995023846626282,0.18232155679395484,0.15844082295642606,0.23210012912750244,0.09091815280195327,0.17689095779643108,0.08926261961460114,0.07631886701712916,0.3563049253423708,0.2802512049674988,-0.025765530392856145,0.04
0.2409451596879134,0.23990874144318503,0.24459412982967776,0.1162265291100491,0.2511081038573505,0.28953899475991984,0.2711119898043163,0.25127776619481934,0.09365749588953776,0.2895389947599198,0.2895389947599196,0.2723981634028062,0.35065687161316933,0.17388822283561686,0.2065320760011673,0.3506568716131686,0.2746357970084102,0.19962351024150848,0.08709098252533261,0.294965141797486,0.07825586944818497,0.20752808905023912,0.30699122477821184,0.26226285099983215,0.15348157061381995,0.05
0.6002030063011954,0.5985350459242373,0.8271667674164231,0.6068081105022203,0.5568879988741563,0.5696324864948283,0.7601934477923802,0.5609893403348046,0.8394073551059615,0.5696324864948283,0.5696324864948287,0.5299265117348197,0.8394073551059604,0.8394073551059604,0.6336038708686829,0.8394073551059617,0.7421978074986852,0.6406764984130859,0.7817070353214055,0.5656412078761507,0.6259949803352356,0.7051172982475571,0.5192729361366961,0.5394466519355774,0.6191188039229328,1.21
0.4014497109796423,0.43110272931248816,0.3343553413573308,0.4064630583324053,0.28962649455015294,0.36655222450041813,0.3300993893574674,0.2879544509176567,0.1310282624064043,0.36655222450041813,0.3665522245004182,0.42431803944220925,0.1310282624064041,0.3676721146298668,0.27305343747138977,0.13102826240640414,0.31418835750764545,0.258940190076828,0.2480716577823193,0.3718093513960108,0.28510189056396484,0.2755556544400016,0.4944866533149648,0.42540666460990906,0.40052691302883975,0.8
