CB_BF2,ET_BF3,KNN_BF4,LGBM_BF2,ET_BF2,Current density
4.458758297899639,3.5557648591259112,3.6888794541139363,3.2155968346311394,3.8041061036446995,26.0
5.012135004941219,4.79301666087532,4.6443908991413725,5.240265836692046,4.974434852211944,160.0
4.346922201010371,4.54528466816162,3.295836866004329,4.695901098700912,4.436086575295217,7.0
5.594857824353647,5.481329841727502,5.948034989180646,5.163929570822988,5.510926752494793,312.0
5.139241371978309,5.01152339379689,5.081404364984463,5.30343727562656,5.07219039981363,103.0
4.9223727821627925,4.5498373333375355,5.099866427824198,4.893379044189183,4.62365553678402,131.0
5.372773214449536,5.452711864469392,5.081404364984463,5.2229328732097215,5.275035778702753,179.0
3.3941827101043347,3.377246349427761,3.6888794541139363,3.406904122958853,3.356744072876396,39.0
3.3941827101043347,3.377246349427761,3.6888794541139363,3.406904122958853,3.356744072876396,39.0
4.804943584016352,5.221379998215222,5.081404364984463,4.125951024183819,4.978575871491605,186.0
4.948390757821413,5.154976080488694,5.036952602413629,4.874912419042585,5.024259698647588,136.0
4.919695565550695,5.096490242195947,4.919980925828125,4.8389274584458555,4.958411168288261,153.0
4.891391683604047,4.97846676412087,4.919980925828125,4.767764376382614,4.939537672231108,194.0
5.057043924303768,4.86924403165659,4.23410650459726,4.656255798412209,5.645979345519826,140.0
4.593614059414845,4.493473394703381,4.532599493153255,4.431716844845893,4.560665744569039,60.0
3.530074607177134,3.5155926589739535,3.6888794541139363,3.5411356269458283,3.5349104037071317,22.0
4.430064330229237,4.282610580213409,4.110873864173311,4.25967500886541,4.46780248276558,92.0
5.603048457655965,5.452677364495263,5.746203190540153,5.066694493031194,5.451265790231105,382.0
3.9824674597428427,3.7206877546185124,3.295836866004329,4.760907512008572,3.7470945828264544,433.0
5.3387776312397595,5.397537835884947,5.081404364984463,5.205986863916379,5.230180869594239,200.0
4.840951377086474,4.5588931951827965,4.454347296253507,5.064733615873834,4.685898655776582,143.0
5.168637384195045,5.248130879474624,5.081404364984463,5.1470913818749,5.197311339183971,270.0
4.467881300232875,4.321736678663273,4.110873864173311,4.292897424730433,4.522883667040216,85.0
5.470477479348849,5.115800176493918,5.8888779583328805,4.348178565914221,4.796734579234917,163.0
3.854314660104125,4.611495298847035,5.231108616854587,4.197814866431181,4.744696442460697,68.0
5.9599284341103855,6.133398042996647,6.133398042996649,5.676326325376161,5.607779946977848,360.0
4.912232548660803,4.816626196844028,4.969813299576001,5.221525083622149,4.879068889553084,85.0
5.72395294139764,5.888877958332868,5.8888779583328805,5.568848068384917,5.487531374409579,460.0
5.0634513292696886,4.862897632062907,5.081404364984463,5.254563775734878,5.035945757857365,139.0
4.881952887827479,4.7120802979147705,4.969813299576001,5.153589279495313,4.779551289172288,105.0
3.51384175141506,3.494747256739178,3.6888794541139363,3.518097090161664,3.5349104037071317,24.0
3.4591363064444227,3.4330322372563136,3.6888794541139363,3.4604231195867747,3.412292795438775,31.0
