Temperature,Substrate concentration,Reactor working volume,S/V ratio,Applied voltage,Current density
25,12.2,25,28,0.6,10.0
30,1.6,28,25,0.8,194.0
30,2.2,28,25,0.9,161.0
30,1.6,500,35,1.0,382.0
30,1.6,28,25,0.8,136.0
30,4.1,28,25,0.7,30.0
4,2.1,26,27,0.8,50.0
30,2.3,26,27,0.6,135.0
30,1.6,28,25,0.9,105.0
25,0.5,26,27,0.6,67.0
30,2.4,28,14,0.6,200.0
30,1.1,50,100,1.0,360.0
33,1.1,26,27,0.6,76.0
30,14.5,28,25,0.5,112.0
30,1.6,28,25,0.9,85.0
30,2.4,28,14,0.6,270.0
36,2.3,26,27,0.6,93.0
30,0.8,350,22,1.1,312.0
30,8.1,28,25,0.7,25.0
30,1.2,28,25,0.9,90.0
35,0.6,100,6,0.5,68.0
20,0.8,25,56,0.7,31.0
30,1.4,34,35,0.9,92.0
31,0.5,26,27,0.6,33.0
25,2.5,462,4,0.9,13.0
20,0.8,25,56,0.7,22.0
30,0.6,250,100,0.5,140.0
30,0.8,28,25,0.9,143.0
30,1.2,28,25,0.5,35.0
30,14.5,28,25,0.5,92.0
30,1.6,28,25,0.8,153.0
25,2.5,462,4,0.5,26.0
30,1.2,28,25,0.9,63.0
26,0.8,26,27,0.6,125.0
30,4.1,28,25,0.7,38.0
30,1.1,28,25,0.9,182.0
34,1.1,26,27,0.8,111.0
30,1.1,28,25,0.5,115.0
30,2.4,28,14,0.6,179.0
33,1.0,95,32,0.9,131.0
30,0.8,28,25,0.6,160.0
25,2.5,462,4,0.7,19.0
32,0.8,26,27,0.6,68.0
30,0.8,28,25,0.6,139.0
30,1.2,28,25,0.9,115.0
33,1.0,40,50,1.0,163.0
20,0.8,25,56,0.7,24.0
20,0.8,25,56,0.7,39.0
30,1.2,28,25,0.9,173.0
30,1.4,34,35,0.9,85.0
20,0.8,25,56,0.7,39.0
29,1.6,26,27,0.6,121.0
25,0.8,140,3,0.8,7.0
30,0.8,28,25,0.6,103.0
28,1.1,26,27,0.8,144.0
25,2.1,26,27,0.6,113.0
25,12.2,25,28,1.0,20.0
19,4.1,26,27,0.6,129.0
25,12.2,25,28,0.8,12.0
35,1.6,26,27,0.6,77.0
30,1.2,28,25,0.5,116.0
30,1.1,50,100,1.0,460.0
30,1.2,28,25,0.9,85.0
27,1.1,26,27,0.6,132.0
30,8.1,28,25,0.7,25.0
30,1.2,28,25,0.9,221.0
30,1.2,28,25,0.9,143.0
23,0.8,28,25,0.9,433.0
20,0.8,120,10,0.8,26.0
30,0.8,48,13,0.6,186.0
30,1.4,34,35,0.9,60.0
4,2.1,26,27,0.6,38.0
