model,bf_set,params,LOOCV_RMSE_log1p,LOOCV_MAE_log1p,LOOCV_R2_log1p,LOOCV_MAPE_log1p,LOOCV_SMAPE_log1p,LOOCV_RMSE_orig,LOOCV_MAE_orig,LOOCV_R2_orig,LOOCV_MAPE_orig,LOOCV_SMAPE_orig,rank_within_bfset
GB,BF1,"{'learning_rate': 0.05, 'max_depth': 3, 'n_estimators': 50}",0.2303276814874674,0.1662480346119434,0.38726621322288,135.62260232329743,68.99069909322381,0.4161229353796111,0.260794032693475,0.2731343457517483,150.85734121059235,75.73345448168499,1
SVR_rbf,BF1,"{'C': 4.0, 'gamma': 0.25}",0.2347046813154247,0.1625618488097237,0.3637569367320675,150.28815848147096,64.88400623663229,0.420822652353069,0.2524863901295515,0.2566231027114084,168.67583869535736,71.17141397488783,2
ET,BF1,"{'criterion': 'squared_error', 'max_features': 1.0, 'min_samples_split': 2, 'n_estimators': 100}",0.2373409099606853,0.1547922488340074,0.34938396481043,82.15792892321797,54.3224422725236,0.423513875821692,0.2463712261697067,0.2470846884323642,94.2648179940029,60.56478349679665,3
CB,BF1,"{'depth': 4, 'iterations': 100, 'learning_rate': 0.1}",0.2379939209338773,0.1711538205907545,0.3457988780119293,127.21359259108256,65.90929411970956,0.4233869868786386,0.2672305050153093,0.2475357825838802,144.2683623414562,72.85523010478522,4
XGB,BF1,"{'learning_rate': 0.05, 'max_depth': 3, 'n_estimators': 100}",0.2385849103329104,0.1694097504629879,0.3425458036181397,113.24593480681422,66.70013517264918,0.4263243318324608,0.2665814475401658,0.2370587764878972,126.94568760680912,73.55602507280828,5
DT,BF1,"{'criterion': 'squared_error', 'max_features': 1.0, 'min_samples_split': 2}",0.2423409675258531,0.1512798570464102,0.3216821723073318,57.56820280403984,46.32947416460518,0.4443581602437934,0.2537394051059888,0.1711476724822276,68.66935078683237,52.37389942301958,6
RF,BF1,"{'criterion': 'squared_error', 'max_features': 0.7, 'min_samples_split': 2, 'n_estimators': 150}",0.2504881363459831,0.1855255435061576,0.2753073114946218,158.91900643373108,72.88949144645088,0.440923310685695,0.2870111866460648,0.1839120586920234,179.4332608788506,80.15684142063175,7
MLP,BF1,"{'activation': 'tanh', 'alpha': 0.1, 'hidden_layer_sizes': (16, 8), 'learning_rate_init': 0.001}",0.2505717693659164,0.2003475743642274,0.2748233096820665,185.4143063243368,71.67694345647423,0.4376879214125367,0.3132546966308646,0.1958446326159739,215.94660624982384,79.80008094255562,8
SVR_linear,BF1,{'C': 32.0},0.2507583135822644,0.1808584860606824,0.2737431570929532,128.9900980000725,70.90190858870999,0.4417855078000351,0.2819942876161481,0.1807173234569908,145.66654978506784,78.05672552629164,9
Lasso,BF1,"{'alpha': 0.001, 'fit_intercept': True}",0.2592710951133781,0.2032363583625101,0.2235960062635973,144.46906236681122,74.30611002639075,0.4521743874436766,0.3180703098083057,0.1417323186383342,165.11017727040638,82.63447078603659,10
Ridge,BF1,"{'alpha': 0.01, 'fit_intercept': True}",0.2593890160450657,0.2001764671926664,0.2228896020075064,132.78581565959695,73.53078006646996,0.4522571779891867,0.3148970005610857,0.1414180020537517,152.59485152605754,81.76065613284138,11
LR,BF1,{'fit_intercept': True},0.2593912858882756,0.1993112816608768,0.2228760013816595,129.72729433051796,73.11869296371393,0.4521875837381955,0.313961349390255,0.1416822223981108,149.36808198323337,81.31700187546099,12
SVR_poly,BF1,"{'C': 0.25, 'degree': 2, 'gamma': 0.25}",0.2605439120537064,0.1934430660931774,0.2159542300233364,167.15173433826743,81.09394598711812,0.4563049283578755,0.2961784041590746,0.1259804234479614,187.8370069609308,88.41001784005833,13
KNN,BF1,"{'n_neighbors': 4, 'weights': 'distance'}",0.260565279770949,0.1636671450755276,0.2158256224871232,139.28176945295175,58.7904256331482,0.4572351186883897,0.2593117381177031,0.1224133647797223,164.22645599380695,64.62880143277863,14
AB,BF1,"{'learning_rate': 0.1, 'n_estimators': 25}",0.2639734922447517,0.2044741627173565,0.1951773456941532,134.44522949670502,70.80683644482419,0.4545551082043873,0.3195158191185928,0.1326708822936946,156.869724888194,78.97653824700095,15
Elastic,BF1,"{'alpha': 0.01, 'fit_intercept': True, 'l1_ratio': 0.4}",0.2723632197129436,0.2272283497770043,0.1432058835577226,231.71357927234348,83.28221510956226,0.4676683057970703,0.3448486146710009,0.0819069108867123,265.82944170856325,91.99820772498109,16
HGB,BF1,"{'learning_rate': 0.1, 'max_iter': 100, 'max_leaf_nodes': 7, 'min_samples_leaf': 5}",0.2803503249994655,0.2167925001368288,0.0922177548534656,195.52426878783132,79.51770379663718,0.4683464076016174,0.3295365310972777,0.0792425784199021,229.47028445291255,87.06973199276419,17
LGBM,BF1,"{'learning_rate': 0.05, 'max_depth': 2, 'min_child_samples': 10, 'n_estimators': 25}",0.2877467275359372,0.2424577631953317,0.0436863758933908,277.0122675910694,89.67215580556046,0.4824965234809881,0.363282986479818,0.0227645379965255,322.1185993055789,98.3233504817614,18
SVR_sigmoid,BF1,"{'C': 4.0, 'gamma': 0.03125}",0.3043533435127996,0.2179825406975239,-0.069881580940299,187.77598119836355,84.7520275578554,0.5176570172179102,0.3294107587007178,-0.1248511391491435,207.4210828246505,91.98736774252984,19
GB,BF2,"{'learning_rate': 0.05, 'max_depth': 3, 'n_estimators': 50}",0.230307117026691,0.166173643510903,0.3873756223684339,135.02534931130694,68.95538062350074,0.41612203891956,0.2607240007680828,0.2731374775441307,150.19701870036627,75.69895948430259,1
SVR_rbf,BF2,"{'C': 4.0, 'gamma': 0.25}",0.234723700464804,0.162524936439028,0.3636538174241398,150.1624243242184,64.86674436326328,0.4208602355003898,0.2524398641795876,0.256490316651232,168.55228650097806,71.15244777469385,2
CB,BF2,"{'depth': 4, 'iterations': 100, 'learning_rate': 0.1}",0.2357365616594593,0.1706852975601826,0.3581501467961757,124.56377788636892,65.58269374238724,0.4204093088252882,0.2662472224773261,0.2580827157952675,141.02376526446616,72.5881455116068,3
ET,BF2,"{'criterion': 'squared_error', 'max_features': 1.0, 'min_samples_split': 2, 'n_estimators': 100}",0.2371691280362302,0.1543487162278834,0.3503254260063415,82.23773821477346,53.49359468952948,0.4227545399736006,0.2459713064942189,0.2497821351645465,94.44800073703824,59.68416113552144,4
XGB,BF2,"{'learning_rate': 0.05, 'max_depth': 3, 'n_estimators': 100}",0.2385849103329104,0.1694097504629879,0.3425458036181397,113.24593480681422,66.70013517264918,0.4263243318324608,0.2665814475401658,0.2370587764878972,126.94568760680912,73.55602507280828,5
DT,BF2,"{'criterion': 'squared_error', 'max_features': 1.0, 'min_samples_split': 2}",0.2387125861888594,0.1471188406786101,0.3418419578705555,58.291295693408095,46.37840044586463,0.4373004397153618,0.2454894051059887,0.1972678272932055,69.17942404690562,52.18958104653703,6
RF,BF2,"{'criterion': 'squared_error', 'max_features': 0.7, 'min_samples_split': 2, 'n_estimators': 150}",0.249771117856147,0.1856468983038796,0.2794502171449583,152.32892112470893,72.85763377528593,0.4405147058396918,0.287933087035164,0.1854238997379369,171.99546424139763,80.22917268249252,7
SVR_linear,BF2,{'C': 32.0},0.2505036828498049,0.1806308224083805,0.2752173528447584,128.82142344555055,70.8165212876726,0.4414615915195939,0.2816246203327762,0.1819182759773794,145.43962630906685,77.96519329364602,8
Lasso,BF2,"{'alpha': 0.001, 'fit_intercept': True}",0.2593046483847099,0.203422416798406,0.2233950383961468,145.1618996697805,74.32989406814431,0.4522367851891647,0.318268221565347,0.1414954292217021,165.8588868306601,82.66315445735827,9
Ridge,BF2,"{'alpha': 0.001, 'fit_intercept': True}",0.2593889144172462,0.1994342228250397,0.2228902109463197,130.16485159626524,73.17442269156717,0.4521955870639177,0.3140938170197335,0.1416518391775825,149.8284275929556,81.37731156548928,10
LR,BF2,{'fit_intercept': True},0.2593912858882756,0.1993112816608767,0.2228760013816597,129.727294330518,73.11869296371383,0.4521875837381954,0.313961349390255,0.1416822223981112,149.36808198323342,81.31700187546087,11
KNN,BF2,"{'n_neighbors': 4, 'weights': 'distance'}",0.2609339476399274,0.1647651738473317,0.2136050317979634,142.31231839754378,59.42159803429424,0.4574939846921844,0.2605552611663378,0.1214193831507362,167.5917545602155,65.28352058202472,12
AB,BF2,"{'learning_rate': 0.1, 'n_estimators': 25}",0.2623977316359195,0.2055193405170532,0.2047572668573812,145.93902968621362,70.48336539892168,0.4514484642254169,0.3204815868450518,0.144485841799436,169.83460075838005,78.67525181816048,13
SVR_poly,BF2,"{'C': 0.25, 'degree': 2, 'gamma': 0.25}",0.263383352028659,0.1971882780576789,0.1987718528685846,173.09342441588154,82.76516511774024,0.4592500643659112,0.3009744107619879,0.1146616170355308,194.74440548112787,90.15262593537628,14
MLP,BF2,"{'activation': 'relu', 'alpha': 0.1, 'hidden_layer_sizes': (16, 8), 'learning_rate_init': 0.001}",0.2748277292792965,0.2261727011021683,0.1276301334821552,204.4490354953176,87.68740961282319,0.4701346161949982,0.3455999855386946,0.0721980080057662,231.47986664199863,96.31060168469622,15
Elastic,BF2,"{'alpha': 0.01, 'fit_intercept': True, 'l1_ratio': 0.4}",0.2763793884453728,0.2314028995726635,0.1177516402923926,245.6395016819324,84.89421139952476,0.4724762619649059,0.349855654651901,0.0629326013099728,282.91463551415274,93.6438873413312,16
HGB,BF2,"{'learning_rate': 0.1, 'max_iter': 100, 'max_leaf_nodes': 7, 'min_samples_leaf': 5}",0.2803503249994655,0.2167925001368288,0.0922177548534656,195.52426878783132,79.51770379663718,0.4683464076016174,0.3295365310972777,0.0792425784199021,229.47028445291255,87.06973199276419,17
LGBM,BF2,"{'learning_rate': 0.05, 'max_depth': 2, 'min_child_samples': 10, 'n_estimators': 25}",0.2877467275359372,0.2424577631953317,0.0436863758933908,277.0122675910694,89.67215580556046,0.4824965234809881,0.363282986479818,0.0227645379965255,322.1185993055789,98.3233504817614,18
SVR_sigmoid,BF2,"{'C': 0.25, 'gamma': 0.03125}",0.316848800442148,0.2394205749658763,-0.1595345433101709,245.79425210164305,91.04496773974904,0.530178407776911,0.3557589792721549,-0.1799263895328831,278.54840274687405,98.69115210323127,19
KNN,BF3,"{'n_neighbors': 1, 'weights': 'uniform'}",0.2129022252230833,0.1228262321942796,0.4764719473115495,47.92436138474015,40.50647572466609,0.4108558141246148,0.21075,0.2914186528758404,54.9663074984857,45.78113456224616,1
ET,BF3,"{'criterion': 'absolute_error', 'max_features': 0.7, 'min_samples_split': 2, 'n_estimators': 150}",0.2144704661277983,0.1263581396623744,0.4687309110511708,54.44484432664582,42.01594201997801,0.4139903771032249,0.215799401480777,0.280565377691476,61.67152858685105,47.466225095133936,2
SVR_rbf,BF3,"{'C': 32.0, 'gamma': 1.0}",0.2180290557846199,0.1524141410775956,0.4509545402633981,128.0201218707316,70.88283083455961,0.4016838974203496,0.2387826382566338,0.3227021674930447,139.99822690877343,77.07172032802202,3
CB,BF3,"{'depth': 3, 'iterations': 100, 'learning_rate': 0.1}",0.2210537593982825,0.1550088887647928,0.4356151243965372,95.50616344721269,57.49229469026954,0.4046979313557292,0.2476225324797523,0.3124998293905511,108.5967277400548,64.1452800234817,4
GB,BF3,"{'learning_rate': 0.1, 'max_depth': 3, 'n_estimators': 100}",0.2210634958854101,0.1402819994874687,0.4355654057479169,66.99528195521579,46.36038445254814,0.4133483605649288,0.2335826554052823,0.2827950467970982,78.2018351603052,52.2662280244848,5
DT,BF3,"{'criterion': 'squared_error', 'max_features': 0.7, 'min_samples_split': 2}",0.223483273084374,0.1402700914677655,0.4231410924349869,65.87251175908122,45.31237833874471,0.4237723400562344,0.2376766177923165,0.2461654219239849,79.2772539061146,51.316463261555455,6
XGB,BF3,"{'learning_rate': 0.1, 'max_depth': 3, 'n_estimators': 100}",0.2266851347231853,0.1437383975485883,0.4064932816539705,74.16793629055556,48.65218610853983,0.4159447343589343,0.2367126127330963,0.2737567602154069,86.10761132858367,54.52144481810753,7
RF,BF3,"{'criterion': 'squared_error', 'max_features': 0.7, 'min_samples_split': 2, 'n_estimators': 150}",0.2280136837270469,0.1692157938971489,0.3995160850564535,129.29292670655568,67.53716676933067,0.4108735280600873,0.2671306058769034,0.2913575509787204,145.15759810170317,74.63120256947151,8
SVR_linear,BF3,{'C': 32.0},0.2442526971917773,0.1846432902274944,0.310938011832354,134.9425279745873,71.74731191907789,0.4285621000803815,0.2891486855756872,0.2290284283608548,152.09216779541,79.31164304736814,9
AB,BF3,"{'learning_rate': 0.1, 'n_estimators': 25}",0.2499033148023651,0.1831461176807856,0.2786872811458661,94.86429025438194,59.43675041632928,0.4411303574915249,0.2923800587352609,0.1831454488569652,112.6504321557737,67.14498157022246,10
SVR_poly,BF3,"{'C': 4.0, 'degree': 3, 'gamma': 0.25}",0.2524541255176846,0.187230710241187,0.2638869774122608,161.94608971772274,74.80169655936861,0.4478892052822182,0.2883745358726383,0.1579225600550021,181.23559103245705,82.17134155401193,11
Ridge,BF3,"{'alpha': 0.01, 'fit_intercept': True}",0.2530816968911851,0.196192117851798,0.2602226470852856,130.27423642590742,70.64591575897495,0.4419396803218878,0.3090546981365604,0.1801454037636007,149.4290420011816,78.81142136415932,12
LR,BF3,{'fit_intercept': True},0.2531188460585326,0.1951837463184042,0.2600054513731281,126.41893998524505,70.04096357013789,0.4418278399235336,0.3080290642089871,0.1805603077267146,145.34593523893648,78.17280132936595,13
Lasso,BF3,"{'alpha': 0.001, 'fit_intercept': True}",0.2533434608950077,0.1991126844250222,0.2586915428654349,141.09275284056042,72.14532783396609,0.4426052817792359,0.3120356639018528,0.1776739925160271,161.06209647825506,80.39373257929071,14
HGB,BF3,"{'learning_rate': 0.1, 'max_iter': 100, 'max_leaf_nodes': 7, 'min_samples_leaf': 5}",0.268241013132748,0.203913708418083,0.1689447105434202,143.18423790991835,80.86110451197055,0.4537604883290676,0.3125734176804609,0.1357006339835537,162.5943562093693,88.40845017721597,15
MLP,BF3,"{'activation': 'tanh', 'alpha': 0.1, 'hidden_layer_sizes': (16, 8), 'learning_rate_init': 0.001}",0.2689205960839468,0.2194409923839138,0.1647284542943671,216.5826307279716,87.77211666937737,0.4594624047378469,0.3317244805578292,0.1138427318282426,249.1878911131411,95.62138866575168,16
Elastic,BF3,"{'alpha': 0.01, 'fit_intercept': True, 'l1_ratio': 0.4}",0.269048592487577,0.2241076748834881,0.163933147437908,234.16956291054197,83.23623205847568,0.463025070199846,0.3396383368593183,0.1000469485548498,268.2416666483198,91.81710151146176,17
LGBM,BF3,"{'learning_rate': 0.1, 'max_depth': 4, 'min_child_samples': 5, 'n_estimators': 100}",0.2776949818355527,0.2113961151557823,0.1093324698652301,156.0777073198633,81.37357369449212,0.4666527534720585,0.3230004200366453,0.0858899015092647,177.53737575735803,89.00358369434433,18
SVR_sigmoid,BF3,"{'C': 4.0, 'gamma': 0.03125}",0.3066564156856228,0.2272038981010326,-0.0861346451631657,209.00912456125772,87.88162073620069,0.519972739750797,0.3408048833617062,-0.1349376226102532,232.46135112500303,95.5186468625304,19
ET,BF4,"{'criterion': 'absolute_error', 'max_features': 0.7, 'min_samples_split': 2, 'n_estimators': 50}",0.214272154290741,0.1276690667363271,0.4697129412703283,57.51110706646659,41.60162525450559,0.4131676486464511,0.2177272515763688,0.2834220198969158,65.92907596727109,47.11534685997869,1
GB,BF4,"{'learning_rate': 0.1, 'max_depth': 3, 'n_estimators': 100}",0.221081087625415,0.1403971203660525,0.4354755692810566,67.16848533568009,47.04621579444651,0.41335948283525,0.2336958258041046,0.2827564495486412,78.36011916474966,52.95328381992984,2
CB,BF4,"{'depth': 4, 'iterations': 100, 'learning_rate': 0.1}",0.2236032716066661,0.1560959418766228,0.4225214415785212,93.78678753661116,56.36668979963984,0.4080356166863619,0.249740962157449,0.3011129579281032,107.217737181821,63.0457279804653,3
DT,BF4,"{'criterion': 'squared_error', 'max_features': 1.0, 'min_samples_split': 2}",0.2247309470434925,0.1367415982434436,0.4166820773585635,54.96468895256452,44.75627636208257,0.4196067588780903,0.2296422486130724,0.2609126119895566,63.95321126079722,50.21840399111932,4
SVR_rbf,BF4,"{'C': 32.0, 'gamma': 0.25}",0.2255653073263169,0.1530012969581531,0.4123426590834363,145.72666303571236,72.86468936964867,0.4106411089066595,0.2384482753725468,0.2921590408935588,161.48655917545415,78.69784662586616,5
XGB,BF4,"{'learning_rate': 0.1, 'max_depth': 3, 'n_estimators': 100}",0.2266851347231853,0.1437383975485883,0.4064932816539705,74.16793629055556,48.65218610853983,0.4159447343589343,0.2367126127330963,0.2737567602154069,86.10761132858367,54.52144481810753,6
KNN,BF4,"{'n_neighbors': 1, 'weights': 'uniform'}",0.2301068524876179,0.1347809195977067,0.3884405794459074,59.69917504023222,44.41882610982681,0.4275628608754507,0.2264999999999999,0.2326194454005858,70.60884907852729,49.70971640267695,7
RF,BF4,"{'criterion': 'absolute_error', 'max_features': 1.0, 'min_samples_split': 2, 'n_estimators': 150}",0.2330982027869173,0.163233704021349,0.3724368897982105,129.42758163343507,67.41928079963377,0.4180911407421138,0.2559096760669288,0.2662421315597706,143.40529219720483,73.96964150828353,8
AB,BF4,"{'learning_rate': 0.1, 'n_estimators': 25}",0.2527355382800434,0.1869362108863592,0.2622449598338592,102.95929504242184,60.17038364478009,0.4426527595719752,0.2976894037242122,0.1774975630003235,122.98702132787062,67.93277842765858,9
HGB,BF4,"{'learning_rate': 0.1, 'max_iter': 100, 'max_leaf_nodes': 7, 'min_samples_leaf': 5}",0.268241013132748,0.203913708418083,0.1689447105434202,143.18423790991835,80.86110451197055,0.4537604883290676,0.3125734176804609,0.1357006339835537,162.5943562093693,88.40845017721597,10
MLP,BF4,"{'activation': 'relu', 'alpha': 0.01, 'hidden_layer_sizes': (16,), 'learning_rate_init': 0.001}",0.271302175111267,0.2061917802892234,0.1498685011470746,212.7884286126092,74.47293958306709,0.4701068560115835,0.3160537322307023,0.0723075731906015,246.31518129486807,82.0384042403781,11
LGBM,BF4,"{'learning_rate': 0.1, 'max_depth': 4, 'min_child_samples': 5, 'n_estimators': 100}",0.2776949818355527,0.2113961151557824,0.1093324698652301,156.0777073198633,81.37357369449212,0.4666527534720585,0.3230004200366453,0.0858899015092647,177.53737575735803,89.00358369434433,12
SVR_poly,BF4,"{'C': 1.0, 'degree': 3, 'gamma': 0.25}",0.2779996153523414,0.1989846637186228,0.1073772598416574,163.5735036732089,80.94132787012167,0.483648402100813,0.3017647427845092,0.0180930005344933,179.85988886122678,88.196551330634,13
Elastic,BF4,"{'alpha': 0.1, 'fit_intercept': True, 'l1_ratio': 0.4}",0.2965150869937468,0.2434157022186744,-0.0154841467105251,321.3078210099524,88.98071332735911,0.4962501233478008,0.3616999962460176,-0.0337418456537383,376.4459121352668,97.1510812285542,14
Lasso,BF4,"{'alpha': 0.01, 'fit_intercept': True}",0.2987337851175985,0.2408423781060499,-0.0307378872121764,309.9203502871153,85.76012399932776,0.4992875584514172,0.3603298004878952,-0.0464351751042182,367.23027935334096,93.8900038247588,15
Ridge,BF4,"{'alpha': 10.0, 'fit_intercept': True}",0.3044315259646947,0.2467985343103812,-0.0704313150603863,320.6898918409516,87.63318906464829,0.506416574500394,0.3683231589455397,-0.0765313061072814,381.3509585934178,95.86029520779783,16
LR,BF4,{'fit_intercept': True},0.3077765673825517,0.2473547549616875,-0.0940839823435086,317.4609318384476,82.9859881445345,0.5101487392231341,0.3705607894693757,-0.0924573141930493,380.9189242233024,91.1489595860986,17
SVR_sigmoid,BF4,"{'C': 0.25, 'gamma': 0.25}",0.3117094004134465,0.2358897715923125,-0.1222234928667025,214.8478649300968,95.97103868876464,0.5217043166744638,0.348404335461932,-0.1425091889078829,238.5212585647937,103.18979888979634,18
SVR_linear,BF4,{'C': 0.03125},0.3210062809064372,0.242191485418339,-0.1901634710552771,244.58394044062385,92.02344779245614,0.5345663796678107,0.3592712979598101,-0.1995383134970576,277.0830198382771,99.53734127098328,19
