Substrate concentration,Reactor working volume,Temperature,H2 production rate
1.1,26,28,0.54
1.1,28,30,1.87
4.1,28,30,1.2
1.2,28,30,0.32
1.2,28,30,0.41
1.2,28,30,0.28
1.2,28,30,0.38
8.1,28,30,0.17
1.1,28,30,0.83
1.2,28,30,0.29
1.6,26,29,0.13
14.5,28,30,1.0
1.1,26,33,0.05
8.1,28,30,0.12
1.6,26,35,0.05
0.8,26,32,0.04
2.5,462,25,0.04
12.2,25,25,0.02
2.5,462,25,0.03
14.5,28,30,1.0
1.1,26,34,0.09
2.2,28,30,0.74
1.1,26,27,0.42
1.2,28,30,0.8
12.2,25,25,0.02
1.2,28,30,0.14
2.1,26,4,0.37
2.3,26,30,0.08
1.2,28,30,2.01
0.5,26,31,0.05
1.2,28,30,0.29
0.5,26,25,0.05
4.1,26,19,0.91
2.1,26,4,0.25
2.5,462,25,0.04
12.2,25,25,0.02
0.8,26,26,0.2
2.1,26,25,1.01
2.3,26,36,0.02
4.1,28,30,0.8
