Applied voltage,S/V ratio,Temperature,Reactor working volume,H2 production rate
0.9,35,30,34,0.52
1.0,100,30,50,5.4
0.7,56,20,25,0.4
0.6,13,30,48,1.7
0.8,25,30,28,1.21
0.6,14,30,28,2.0
0.9,35,30,34,0.67
0.7,56,20,25,0.55
0.7,56,20,25,0.51
0.6,25,30,28,1.2
0.8,25,30,28,1.31
0.5,100,30,250,0.04
1.0,35,30,500,1.47
0.5,6,35,100,0.58
0.9,25,30,28,0.32
0.6,25,30,28,0.9
0.6,14,30,28,2.1
1.0,100,30,50,4.14
0.8,3,25,140,0.03
0.9,25,30,28,1.4
0.9,25,30,28,0.38
0.7,56,20,25,0.28
0.9,25,23,28,3.66
0.6,25,30,28,1.3
0.8,25,30,28,1.32
0.9,32,33,95,1.09
0.9,35,30,34,1.1
1.0,50,33,40,1.04
0.8,10,20,120,0.18
1.1,22,30,350,4.18
0.6,14,30,28,1.5
0.7,56,20,25,0.5
