dataset,model,bf_set,params,LOOCV_RMSE_log1p,LOOCV_MAE_log1p,LOOCV_R2_log1p,LOOCV_MAPE_log1p,LOOCV_SMAPE_log1p,LOOCV_RMSE_orig,LOOCV_MAE_orig,LOOCV_R2_orig,LOOCV_MAPE_orig,LOOCV_SMAPE_orig,rank_within_bfset
CurrentDensity_All,KNN,BF2,"{'n_neighbors': 1, 'weights': 'uniform'}",0.475888473,0.352512382,0.719726333,8.733291297,8.551534203,67.63648752,40.16666667,0.497615352,40.77084,34.40283996,1
CurrentDensity_All,ET,BF3,"{'criterion': 'squared_error', 'max_features': 1.0, 'min_samples_split': 2, 'n_estimators': 150}",0.500430309,0.3642686,0.690073197,9.011174164,8.654410619,70.65401981,41.363682,0.451788655,43.13417223,35.16263146,1
CurrentDensity_All,ET,BF4,"{'criterion': 'squared_error', 'max_features': 0.7, 'min_samples_split': 2, 'n_estimators': 50}",0.512345084,0.348213063,0.675139378,8.789646724,8.30422176,68.1039879,38.27663231,0.49064643,45.07091675,33.1893886,1
CurrentDensity_All,KNN,BF3,"{'n_neighbors': 1, 'weights': 'uniform'}",0.51876283,0.384163968,0.666949855,9.3079445,9.107413462,82.05088191,47.375,0.260665837,45.76049072,37.13235752,2
CurrentDensity_All,ET,BF2,"{'criterion': 'absolute_error', 'max_features': 0.7, 'min_samples_split': 2, 'n_estimators': 150}",0.5310672,0.371340624,0.650963469,9.236834139,8.869368364,70.20377146,39.8791002,0.458753433,42.84480606,35.51018211,2
CurrentDensity_All,ET,BF1,"{'criterion': 'squared_error', 'max_features': 0.7, 'min_samples_split': 2, 'n_estimators': 50}",0.536711999,0.38233598,0.643504105,9.64112395,9.107386293,67.74436531,41.00229318,0.496011503,47.31962351,36.56187137,1
CurrentDensity_All,CB,BF2,"{'depth': 4, 'iterations': 100, 'learning_rate': 0.1}",0.540567071,0.395579899,0.638364465,10.16892009,9.58254013,66.17916712,39.60887729,0.519031248,49.19597318,37.95170606,3
CurrentDensity_All,DT,BF3,"{'criterion': 'squared_error', 'max_features': 0.7, 'min_samples_split': 4}",0.543418995,0.38885644,0.634538566,9.390831136,9.300934608,76.96400889,44.10031048,0.349496512,43.91920334,37.21371577,3
CurrentDensity_All,SVR_rbf,BF3,"{'C': 32.0, 'gamma': 0.25}",0.551020406,0.399875066,0.624242818,10.03565267,9.568737798,72.8846069,42.4651873,0.416627572,48.99303377,38.24395833,4
CurrentDensity_All,RF,BF2,"{'criterion': 'absolute_error', 'max_features': 0.7, 'min_samples_split': 2, 'n_estimators': 50}",0.560980167,0.38611054,0.610536341,9.795660271,9.290275929,67.58604004,38.95351825,0.498364492,48.14384,36.60319165,4
CurrentDensity_All,GB,BF4,"{'learning_rate': 0.1, 'max_depth': 3, 'n_estimators': 100}",0.564958716,0.385473644,0.604992492,9.512607925,9.295355307,68.2399424,39.50249793,0.488610778,43.73418912,36.43158307,2
CurrentDensity_All,RF,BF3,"{'criterion': 'absolute_error', 'max_features': 0.7, 'min_samples_split': 2, 'n_estimators': 100}",0.565309646,0.412046496,0.604501613,10.27231161,9.861411744,75.35669918,43.48837171,0.37638292,48.72734296,39.31985252,5
CurrentDensity_All,RF,BF1,"{'criterion': 'absolute_error', 'max_features': 0.7, 'min_samples_split': 2, 'n_estimators': 150}",0.572797673,0.395292872,0.593954769,10.1313586,9.532280574,67.59988429,39.73476195,0.498158962,50.88860631,37.33473283,2
CurrentDensity_All,GB,BF3,"{'learning_rate': 0.1, 'max_depth': 3, 'n_estimators': 100}",0.58099569,0.409937846,0.582248761,10.10862385,9.847808824,72.07875401,42.99593272,0.429456438,47.19338748,38.84059031,6
CurrentDensity_All,CB,BF1,"{'depth': 4, 'iterations': 100, 'learning_rate': 0.1}",0.583345048,0.40942287,0.57886343,10.64614918,9.86630463,66.53816659,40.64492224,0.513798911,56.49457405,38.64306005,3
CurrentDensity_All,CB,BF3,"{'depth': 4, 'iterations': 100, 'learning_rate': 0.1}",0.595603519,0.429688613,0.560977847,10.76002474,10.23127754,77.51145516,46.03359694,0.340209515,53.77313838,40.69547847,7
CurrentDensity_All,CB,BF4,"{'depth': 4, 'iterations': 100, 'learning_rate': 0.1}",0.597458073,0.420034669,0.55823959,10.45940102,10.01343401,76.86264015,44.70781058,0.35120893,51.96952569,39.5445062,3
CurrentDensity_All,SVR_rbf,BF2,"{'C': 4.0, 'gamma': 0.25}",0.601984917,0.44102886,0.551519934,11.36225918,10.61864376,73.60843095,44.00089563,0.40498298,56.7976156,41.89996547,5
CurrentDensity_All,RF,BF4,"{'criterion': 'absolute_error', 'max_features': 0.7, 'min_samples_split': 2, 'n_estimators': 150}",0.60212519,0.420674441,0.551310902,10.55892537,10.05496679,74.82430529,43.67759468,0.385163482,53.69215354,39.52212468,4
CurrentDensity_All,DT,BF4,"{'criterion': 'squared_error', 'max_features': 0.7, 'min_samples_split': 4}",0.603280898,0.407201977,0.549586837,10.2990839,9.708433541,71.70192691,44.13773868,0.435406438,61.49016477,37.99420337,5
CurrentDensity_All,KNN,BF4,"{'n_neighbors': 2, 'weights': 'distance'}",0.608783655,0.419213649,0.54133258,10.12993899,9.910173418,79.7500965,46.54743037,0.30154778,47.83211488,39.25878469,6
CurrentDensity_All,GB,BF2,"{'learning_rate': 0.05, 'max_depth': 4, 'n_estimators': 100}",0.613560586,0.411384446,0.534106307,10.27829757,10.04119974,66.50527918,39.05044165,0.514279415,46.96929913,38.38136455,6
CurrentDensity_All,LGBM,BF2,"{'learning_rate': 0.1, 'max_depth': 4, 'min_child_samples': 5, 'n_estimators': 50}",0.613659339,0.417380895,0.533956322,10.7443595,10.12171322,68.3295661,40.02799032,0.487266618,56.58772767,38.9913285,7
CurrentDensity_All,LGBM,BF1,"{'learning_rate': 0.05, 'max_depth': 4, 'min_child_samples': 5, 'n_estimators': 100}",0.614818407,0.417982857,0.53219415,10.7772718,10.13377312,67.20113793,39.72851827,0.504061845,57.46191786,39.03990338,4
CurrentDensity_All,KNN,BF1,"{'n_neighbors': 1, 'weights': 'uniform'}",0.615207821,0.412303818,0.531601366,9.843106983,10.00560753,72.92595179,44.05555556,0.415965531,42.48624673,38.51954798,5
CurrentDensity_All,LGBM,BF3,"{'learning_rate': 0.1, 'max_depth': 4, 'min_child_samples': 5, 'n_estimators': 50}",0.616548452,0.435246583,0.529557717,11.04027274,10.43160484,74.77498128,44.97151467,0.385973813,58.35859696,40.96115614,8
CurrentDensity_All,SVR_rbf,BF1,"{'C': 4.0, 'gamma': 0.25}",0.616568766,0.447412303,0.529526717,11.41002995,10.73208825,75.85316158,44.71439139,0.368138867,56.28218367,42.3206534,6
CurrentDensity_All,XGB,BF2,"{'learning_rate': 0.1, 'max_depth': 3, 'n_estimators': 100}",0.621293772,0.411435647,0.522288248,10.43781404,10.01431849,70.93764899,41.06507259,0.447378408,50.40544373,38.25210231,8
CurrentDensity_All,HGB,BF2,"{'learning_rate': 0.05, 'max_iter': 100, 'max_leaf_nodes': 7, 'min_samples_leaf': 5}",0.623352867,0.418299692,0.519116532,10.73777258,10.17978375,69.03319059,40.01976127,0.476652493,53.92610977,38.96480399,9
CurrentDensity_All,XGB,BF3,"{'learning_rate': 0.1, 'max_depth': 3, 'n_estimators': 100}",0.631715874,0.425695898,0.506126749,10.59917882,10.21790603,76.46443112,43.91219455,0.357914014,53.35536128,39.54905517,9
CurrentDensity_All,GB,BF1,"{'learning_rate': 0.1, 'max_depth': 2, 'n_estimators': 100}",0.633941707,0.420739489,0.502640321,10.978781,10.26334529,65.2020331,39.22588579,0.533129381,59.96442043,38.91642002,7
CurrentDensity_All,HGB,BF1,"{'learning_rate': 0.05, 'max_iter': 100, 'max_leaf_nodes': 7, 'min_samples_leaf': 5}",0.636870677,0.426888618,0.49803385,11.00705958,10.37858145,69.49069595,40.67874672,0.469692719,57.49146523,39.6272241,8
CurrentDensity_All,XGB,BF1,"{'learning_rate': 0.05, 'max_depth': 3, 'n_estimators': 100}",0.642702626,0.433268523,0.488798554,11.19292748,10.57180961,67.49601262,40.45856199,0.499700001,58.14361317,40.12607901,9
CurrentDensity_All,HGB,BF3,"{'learning_rate': 0.1, 'max_iter': 100, 'max_leaf_nodes': 7, 'min_samples_leaf': 10}",0.646410387,0.467460873,0.482883282,11.63698685,11.22059827,80.00185242,47.32604335,0.297131057,56.34553933,43.87997027,10
CurrentDensity_All,XGB,BF4,"{'learning_rate': 0.1, 'max_depth': 3, 'n_estimators': 100}",0.648569156,0.431239229,0.479423562,10.67554796,10.31203985,76.23531334,44.59868412,0.361756138,54.69549499,39.74339289,7
CurrentDensity_All,AB,BF4,"{'learning_rate': 0.1, 'n_estimators': 25}",0.648809178,0.458202302,0.479038183,11.39301414,10.69824777,87.38333933,50.96599826,0.161445021,65.5650415,42.66057212,8
CurrentDensity_All,SVR_poly,BF3,"{'C': 0.25, 'degree': 3, 'gamma': 0.25}",0.66086872,0.494278013,0.459491762,12.85748081,11.65298402,135.3200031,60.44047712,-1.010936077,76.46155785,46.47261482,11
CurrentDensity_All,LGBM,BF4,"{'learning_rate': 0.1, 'max_depth': 4, 'min_child_samples': 5, 'n_estimators': 50}",0.661053455,0.463851065,0.459189539,11.83901538,11.05058864,77.05632593,47.2654065,0.34793504,69.42675297,43.10739017,9
CurrentDensity_All,AB,BF2,"{'learning_rate': 0.05, 'n_estimators': 100}",0.663658659,0.464983083,0.454918484,11.8058287,11.05761406,81.54529332,48.19474422,0.269749158,64.56273035,43.13197426,10
CurrentDensity_All,AB,BF3,"{'learning_rate': 0.05, 'n_estimators': 25}",0.672225765,0.482337947,0.440754842,12.04547863,11.3118314,89.79845028,53.34644998,0.114452317,67.83391032,44.84576857,12
CurrentDensity_All,AB,BF1,"{'learning_rate': 0.05, 'n_estimators': 100}",0.67511177,0.479427391,0.435942622,12.29539733,11.41736613,80.74213005,48.77973475,0.284063223,69.3768673,44.46748487,10
CurrentDensity_All,SVR_rbf,BF4,"{'C': 1.0, 'gamma': 1.0}",0.678211161,0.482344556,0.430751637,11.88691939,11.31389851,91.74331135,52.59614698,0.075678425,60.42443222,44.7002873,10
CurrentDensity_All,HGB,BF4,"{'learning_rate': 0.1, 'max_iter': 50, 'max_leaf_nodes': 15, 'min_samples_leaf': 5}",0.679147613,0.462222261,0.429178553,11.61034066,11.14739444,75.67130423,45.26598449,0.371164999,59.48375316,42.57764158,11
CurrentDensity_All,DT,BF2,"{'criterion': 'squared_error', 'max_features': 0.7, 'min_samples_split': 2}",0.685565475,0.432683299,0.418339193,10.70403191,10.20717927,87.09217414,48.65794472,0.167023916,83.22838215,39.10979438,11
CurrentDensity_All,MLP,BF4,"{'activation': 'relu', 'alpha': 0.01, 'hidden_layer_sizes': (16, 8), 'learning_rate_init': 0.001}",0.690313088,0.513054139,0.410255174,12.88354944,12.33767886,87.93758668,53.84452935,0.150773861,66.00382114,47.94450782,12
CurrentDensity_All,SVR_poly,BF2,"{'C': 0.25, 'degree': 2, 'gamma': 0.25}",0.706528129,0.541652621,0.382224274,14.58753009,13.27815577,71.01892322,50.59377472,0.44611139,84.10002538,50.75540371,12
CurrentDensity_All,SVR_poly,BF4,"{'C': 1.0, 'degree': 3, 'gamma': 0.25}",0.713041563,0.534710083,0.370781308,13.93488283,12.64763971,90.92176144,56.50131854,0.092158672,84.19317608,49.73585989,13
CurrentDensity_All,MLP,BF2,"{'activation': 'tanh', 'alpha': 0.01, 'hidden_layer_sizes': (16, 8), 'learning_rate_init': 0.001}",0.723467096,0.543718398,0.352246912,13.49286983,13.10368629,89.62640197,54.77147889,0.117842376,63.91147596,50.61328123,13
CurrentDensity_All,MLP,BF3,"{'activation': 'relu', 'alpha': 0.01, 'hidden_layer_sizes': (16, 8), 'learning_rate_init': 0.001}",0.728732123,0.499498939,0.342784568,12.26774353,11.46185313,180.3313265,68.81254575,-2.571220143,79.27112186,45.42223472,13
CurrentDensity_All,MLP,BF1,"{'activation': 'tanh', 'alpha': 0.1, 'hidden_layer_sizes': (16, 8), 'learning_rate_init': 0.001}",0.729241197,0.525905286,0.341866019,12.98367077,12.54437116,85.74862754,53.67322575,0.192525859,67.11847055,48.40454313,11
CurrentDensity_All,SVR_poly,BF1,"{'C': 0.25, 'degree': 2, 'gamma': 0.25}",0.77362685,0.582711262,0.259312537,15.35264003,14.04665959,324.364548,86.83935411,-10.55423058,95.24078163,53.70070855,12
CurrentDensity_All,DT,BF1,"{'criterion': 'absolute_error', 'max_features': 1.0, 'min_samples_split': 2}",0.800335437,0.510151856,0.207286931,13.37892424,12.42514392,89.89440929,52.70955984,0.112558705,103.8439038,44.98594618,13
CurrentDensity_All,Ridge,BF2,"{'alpha': 10.0, 'fit_intercept': True}",0.832306377,0.68371157,0.142689053,17.4597527,16.52055064,93.00638527,62.86709258,0.050052074,87.98082537,63.33759172,14
CurrentDensity_All,Ridge,BF3,"{'alpha': 10.0, 'fit_intercept': True}",0.832908405,0.682836223,0.141448376,17.35528064,16.42756791,95.55449937,63.91410307,-0.002712781,87.30072395,63.22089849,14
CurrentDensity_All,Elastic,BF3,"{'alpha': 0.01, 'fit_intercept': True, 'l1_ratio': 0.4}",0.840484419,0.686264113,0.125758822,17.36984794,16.56848909,95.3244638,63.98609231,0.002109221,86.25494382,63.40830774,15
CurrentDensity_All,Lasso,BF3,"{'alpha': 0.001, 'fit_intercept': True}",0.840930503,0.685803477,0.124830575,17.34251495,16.56561382,95.20713377,63.92767614,0.004564215,85.89961357,63.34694154,16
CurrentDensity_All,LR,BF3,{'fit_intercept': True},0.840934885,0.685603641,0.124821453,17.33367728,16.56237397,95.17277988,63.90793292,0.005282457,85.80451312,63.32503135,17
CurrentDensity_All,Elastic,BF2,"{'alpha': 0.01, 'fit_intercept': True, 'l1_ratio': 0.4}",0.841144236,0.689010202,0.124385648,17.51947638,16.71181367,92.65250491,63.01682431,0.057267242,87.03645934,63.68296667,15
CurrentDensity_All,Lasso,BF2,"{'alpha': 0.001, 'fit_intercept': True}",0.841643618,0.689068398,0.123345647,17.50422444,16.72204937,92.44127737,62.98978607,0.061560793,86.70996529,63.67344416,16
CurrentDensity_All,LR,BF2,{'fit_intercept': True},0.841648097,0.688993853,0.123336315,17.49829808,16.72195357,92.37964063,62.97776587,0.062811816,86.62166461,63.66446481,17
CurrentDensity_All,Ridge,BF4,"{'alpha': 10.0, 'fit_intercept': True}",0.842396377,0.680917938,0.121776801,17.3221067,16.33956135,98.79600317,64.29532432,-0.071896909,88.97549949,62.70130973,14
CurrentDensity_All,Elastic,BF4,"{'alpha': 0.1, 'fit_intercept': True, 'l1_ratio': 0.4}",0.848844676,0.687825537,0.108280254,17.58747447,16.48546203,98.96946646,64.79535693,-0.075664227,92.01783292,63.28038548,15
CurrentDensity_All,Lasso,BF4,"{'alpha': 0.01, 'fit_intercept': True}",0.84951993,0.682699779,0.106860968,17.31855187,16.43033702,98.8357467,64.24300929,-0.072759485,88.27763493,62.71800071,16
CurrentDensity_All,LR,BF4,{'fit_intercept': True},0.849792926,0.680796166,0.10628685,17.23346956,16.39861927,98.82982374,64.09008423,-0.072630914,87.31936915,62.50593725,17
CurrentDensity_All,Ridge,BF1,"{'alpha': 10.0, 'fit_intercept': True}",0.858517428,0.691827658,0.087841822,17.39429605,16.35581636,238.1193989,87.5251956,-5.226784316,101.4745407,63.47006999,14
CurrentDensity_All,Elastic,BF1,"{'alpha': 0.1, 'fit_intercept': True, 'l1_ratio': 0.4}",0.859603721,0.696179358,0.085532029,17.62905143,16.47567508,219.1516137,85.29690863,-4.274285243,102.4160687,63.90195492,15
CurrentDensity_All,SVR_sigmoid,BF3,"{'C': 0.25, 'gamma': 0.03125}",0.869701481,0.681288063,0.063921341,18.39274013,16.17235789,95.19145229,64.89232899,0.004892102,115.6793503,61.8916157,18
CurrentDensity_All,SVR_sigmoid,BF4,"{'C': 0.25, 'gamma': 0.03125}",0.87059895,0.679702588,0.061988414,18.32841268,16.13093037,96.02337269,64.83510947,-0.012577282,115.4575305,61.67452953,18
CurrentDensity_All,SVR_linear,BF3,{'C': 1.0},0.873323455,0.673897076,0.056108287,16.68686553,16.17405027,96.00295327,64.6976511,-0.012146678,85.23127733,60.93913534,19
CurrentDensity_All,SVR_linear,BF2,{'C': 4.0},0.87574863,0.664084106,0.050858729,16.57579601,16.03719763,91.86748265,62.52501556,0.073174659,86.39527955,59.77647403,18
CurrentDensity_All,SVR_sigmoid,BF1,"{'C': 1.0, 'gamma': 0.03125}",0.87789732,0.711824739,0.046195491,18.46858997,17.00587105,97.85123888,66.99512516,-0.051494305,102.0543489,65.08874911,16
CurrentDensity_All,Lasso,BF1,"{'alpha': 0.1, 'fit_intercept': True}",0.883604389,0.726423592,0.033754123,18.59765738,17.21421635,131.1067581,75.60366058,-0.887662833,103.9911047,66.55676459,17
CurrentDensity_All,SVR_sigmoid,BF2,"{'C': 0.25, 'gamma': 0.03125}",0.8910466,0.71205659,0.017409051,19.13247252,16.84613799,96.51717579,67.75779972,-0.023018479,121.2114187,64.62933617,19
CurrentDensity_All,SVR_linear,BF4,{'C': 1.0},0.904650268,0.690613203,-0.012822539,17.21920521,16.98784629,98.03216005,63.72349673,-0.055386201,85.11893825,62.03237847,19
CurrentDensity_All,SVR_linear,BF1,{'C': 0.03125},0.923004147,0.740228036,-0.054336471,19.05285143,17.44628465,210.4323802,87.72030235,-3.862945504,117.1557644,66.86378276,18
CurrentDensity_All,LR,BF1,{'fit_intercept': True},0.93270602,0.711425722,-0.076617623,17.66166257,16.643167,888.8193002,166.0884087,-85.7563397,155.4343954,63.66119904,19
CurrentDensity_Acetate,CB,BF1,"{'depth': 4, 'iterations': 100, 'learning_rate': 0.1}",0.675236388,0.406485834,0.487876638,10.79271419,9.531807253,87.62426731,50.22017432,0.465518342,69.4460804,36.30597375,1
CurrentDensity_Acetate,KNN,BF1,"{'n_neighbors': 1, 'weights': 'uniform'}",0.681754363,0.432877299,0.47794199,10.37858018,10.45513715,96.11549043,55.5,0.356911447,46.33732908,39.3394012,2
CurrentDensity_Acetate,ET,BF1,"{'criterion': 'absolute_error', 'max_features': 0.7, 'min_samples_split': 10, 'n_estimators': 50}",0.68402956,0.42792723,0.47445168,10.87795301,9.858947569,99.7534719,57.91699086,0.307308199,65.49988788,38.38338873,3
CurrentDensity_Acetate,LGBM,BF1,"{'learning_rate': 0.1, 'max_depth': 2, 'min_child_samples': 5, 'n_estimators': 50}",0.6999638,0.455893216,0.449681551,11.70573216,10.35019742,100.7738133,62.334096,0.29306515,83.26242748,41.22750888,4
CurrentDensity_Acetate,SVR_rbf,BF1,"{'C': 32.0, 'gamma': 1.0}",0.703854442,0.450673262,0.443546826,11.85530411,10.37945927,97.25209745,57.81060238,0.341611919,81.50403555,40.56315967,5
CurrentDensity_Acetate,RF,BF1,"{'criterion': 'absolute_error', 'max_features': 0.7, 'min_samples_split': 8, 'n_estimators': 150}",0.742956626,0.439289367,0.380002652,11.49696163,10.08919458,99.96096359,57.82585647,0.304423542,84.37695458,38.25637973,6
CurrentDensity_Acetate,SVR_poly,BF1,"{'C': 1.0, 'degree': 2, 'gamma': 0.25}",0.744394524,0.502089605,0.377600477,12.83062169,11.32581448,182.5743539,84.13247321,-1.320403713,88.94266609,45.12922448,7
CurrentDensity_Acetate,MLP,BF1,"{'activation': 'tanh', 'alpha': 0.01, 'hidden_layer_sizes': (16, 8), 'learning_rate_init': 0.001}",0.747759535,0.461268502,0.371960685,11.31954688,10.6046223,100.7349219,60.0456779,0.293610696,63.9575422,40.66630248,8
CurrentDensity_Acetate,HGB,BF1,"{'learning_rate': 0.05, 'max_iter': 100, 'max_leaf_nodes': 7, 'min_samples_leaf': 5}",0.761542244,0.4448134,0.348595267,11.22280923,10.22116075,99.6391143,55.74026042,0.308895496,72.67087564,38.46275179,9
CurrentDensity_Acetate,XGB,BF1,"{'learning_rate': 0.05, 'max_depth': 4, 'n_estimators': 25}",0.767367459,0.478377893,0.338591658,12.51378333,10.86848338,102.4227781,63.35679634,0.269740678,97.72936336,41.9741419,10
CurrentDensity_Acetate,SVR_linear,BF1,{'C': 0.03125},0.796224179,0.600131905,0.287912053,14.57967899,13.42292777,122.5694384,80.56299433,-0.045799426,85.10297173,54.66111121,11
CurrentDensity_Acetate,SVR_sigmoid,BF1,"{'C': 1.0, 'gamma': 0.03125}",0.815652966,0.616961815,0.252736532,14.959675,13.75339914,126.2607069,83.34919526,-0.109737955,89.03546074,56.01993958,12
CurrentDensity_Acetate,Ridge,BF1,"{'alpha': 10.0, 'fit_intercept': True}",0.815867451,0.631689376,0.252343477,15.18792192,14.02605141,133.0868699,89.42271856,-0.232975448,90.01202195,57.58092673,13
CurrentDensity_Acetate,GB,BF1,"{'learning_rate': 0.05, 'max_depth': 4, 'n_estimators': 25}",0.832462681,0.466987729,0.221618584,12.43930756,10.68551949,101.014856,59.87386411,0.289679244,113.611689,39.10100887,14
CurrentDensity_Acetate,Elastic,BF1,"{'alpha': 0.1, 'fit_intercept': True, 'l1_ratio': 0.4}",0.84921899,0.642604519,0.189967757,15.23557004,14.10515272,149.681137,96.2805131,-0.559617694,93.05839211,57.88624217,15
CurrentDensity_Acetate,Lasso,BF1,"{'alpha': 0.1, 'fit_intercept': True}",0.8648578,0.660340417,0.159858718,15.74617965,14.52494225,144.3422398,95.97648212,-0.450343546,96.26128956,59.4615941,16
CurrentDensity_Acetate,AB,BF1,"{'learning_rate': 0.1, 'n_estimators': 50}",0.937624808,0.507093773,0.012536411,13.88578323,11.22652899,123.912484,70.87314747,-0.068843531,227.2619867,40.81014278,17
CurrentDensity_Acetate,DT,BF1,"{'criterion': 'squared_error', 'max_features': 0.7, 'min_samples_split': 8}",0.958305669,0.517644974,-0.03150426,14.16571592,11.50624995,126.1423596,71.14004467,-0.107658559,228.6969803,41.42004443,18
CurrentDensity_Acetate,LR,BF1,{'fit_intercept': True},1.412942386,0.803045805,-1.242393461,18.20425999,15.92392223,14903.05931,2715.139691,-15459.90338,1959.384165,59.9022918,19
CurrentDensity_Acetate,CB,BF2,"{'depth': 4, 'iterations': 100, 'learning_rate': 0.1}",0.643133392,0.386681663,0.535415164,10.27272333,9.104374246,84.27800992,47.68485125,0.505561192,62.99358846,34.86109562,1
CurrentDensity_Acetate,LGBM,BF2,"{'learning_rate': 0.05, 'max_depth': 3, 'min_child_samples': 5, 'n_estimators': 100}",0.672052877,0.44652631,0.492694231,11.37066461,10.03777055,96.0170504,62.24268263,0.358228055,78.59918142,40.78416792,2
CurrentDensity_Acetate,ET,BF2,"{'criterion': 'absolute_error', 'max_features': 0.7, 'min_samples_split': 8, 'n_estimators': 50}",0.672360796,0.419340567,0.492229253,10.75607722,9.687245366,95.17091805,55.7887326,0.369489209,65.95563034,37.6568227,3
CurrentDensity_Acetate,KNN,BF2,"{'n_neighbors': 1, 'weights': 'uniform'}",0.705587395,0.472734247,0.440803378,11.2165942,11.3284468,97.82637681,59.3125,0.333813321,49.88647002,43.18061111,4
CurrentDensity_Acetate,SVR_rbf,BF2,"{'C': 4.0, 'gamma': 1.0}",0.71469553,0.458761688,0.426273324,12.00594353,10.56815588,98.60781525,58.16492815,0.323127796,81.57326488,41.20728337,5
CurrentDensity_Acetate,RF,BF2,"{'criterion': 'absolute_error', 'max_features': 0.7, 'min_samples_split': 8, 'n_estimators': 150}",0.736036895,0.434340942,0.391497901,11.33085568,10.00460245,100.3892065,57.22064348,0.298450935,79.69338497,37.90163912,6
CurrentDensity_Acetate,SVR_poly,BF2,"{'C': 0.25, 'degree': 3, 'gamma': 0.25}",0.760882377,0.544909956,0.349723645,13.75355492,12.06220082,226.9981634,100.5359304,-2.586977838,98.91397592,49.44222898,7
CurrentDensity_Acetate,XGB,BF2,"{'learning_rate': 0.05, 'max_depth': 4, 'n_estimators': 25}",0.770266092,0.486053686,0.333585448,12.68770749,11.03224913,102.6455755,64.21037187,0.266560198,98.79815449,42.72058868,8
CurrentDensity_Acetate,DT,BF2,"{'criterion': 'squared_error', 'max_features': 0.7, 'min_samples_split': 10}",0.775739983,0.457719469,0.324080051,11.73251448,10.54576643,98.53483712,57.67970805,0.32412931,79.10457921,39.50923437,9
CurrentDensity_Acetate,HGB,BF2,"{'learning_rate': 0.05, 'max_iter': 50, 'max_leaf_nodes': 7, 'min_samples_leaf': 5}",0.781075212,0.488406505,0.314750666,12.16373938,11.01107993,106.5838872,65.36913117,0.209199169,82.41879162,42.70760928,10
CurrentDensity_Acetate,GB,BF2,"{'learning_rate': 0.05, 'max_depth': 4, 'n_estimators': 25}",0.836436044,0.475724044,0.214170388,12.57258273,10.87766779,100.7957114,60.2680984,0.292757883,111.1410111,39.94247946,11
CurrentDensity_Acetate,MLP,BF2,"{'activation': 'relu', 'alpha': 0.01, 'hidden_layer_sizes': (16,), 'learning_rate_init': 0.001}",0.842023237,0.58086089,0.203637016,13.72539818,13.02992437,180.3108339,97.50161127,-1.263224577,80.84903817,51.4163324,12
CurrentDensity_Acetate,Ridge,BF2,"{'alpha': 10.0, 'fit_intercept': True}",0.862742916,0.680134438,0.163962582,16.29347543,14.95006069,153.5768957,100.5031275,-0.641858692,102.2924688,61.66014546,13
CurrentDensity_Acetate,Lasso,BF2,"{'alpha': 0.1, 'fit_intercept': True}",0.868428917,0.670128764,0.152906277,16.00817883,14.68350835,150.6170506,99.62818608,-0.579182362,100.7778425,60.40513142,14
CurrentDensity_Acetate,Elastic,BF2,"{'alpha': 0.1, 'fit_intercept': True, 'l1_ratio': 0.9}",0.870081573,0.670866554,0.1496791,15.99843686,14.67961884,154.1879248,100.8298854,-0.654949453,101.1287579,60.43474309,15
CurrentDensity_Acetate,SVR_linear,BF2,{'C': 0.03125},0.88685756,0.69754954,0.116573023,16.99003247,15.49034019,133.8311411,93.06357603,-0.246804522,108.4540625,62.90096317,16
CurrentDensity_Acetate,SVR_sigmoid,BF2,"{'C': 1.0, 'gamma': 0.03125}",0.899419621,0.708682928,0.091368839,17.16925703,15.70380285,137.2952787,95.07625603,-0.312185434,109.0709013,63.77958321,17
CurrentDensity_Acetate,AB,BF2,"{'learning_rate': 0.1, 'n_estimators': 25}",0.930179395,0.490761078,0.028156484,13.57885771,10.92034074,120.3844671,67.34222687,-0.008846093,225.1687397,39.26268204,18
CurrentDensity_Acetate,LR,BF2,{'fit_intercept': True},1.501328141,0.861959852,-1.531711194,19.4845043,16.75252172,25016.80417,4513.185433,-43564.99775,3247.235224,63.94067709,19
CurrentDensity_Acetate,ET,BF3,"{'criterion': 'squared_error', 'max_features': 0.7, 'min_samples_split': 2, 'n_estimators': 150}",0.658899284,0.377288004,0.512358136,9.928396194,8.825914019,85.69413996,47.88322267,0.488805402,64.40867512,33.32421796,1
CurrentDensity_Acetate,CB,BF3,"{'depth': 4, 'iterations': 100, 'learning_rate': 0.1}",0.684020598,0.412704331,0.474465452,10.78509617,9.65982629,89.64542957,51.06736678,0.440577008,65.15560169,36.81677961,2
CurrentDensity_Acetate,KNN,BF3,"{'n_neighbors': 1, 'weights': 'uniform'}",0.703042174,0.470885589,0.444830411,11.17923824,11.29745982,96.18926655,58.625,0.355923827,49.39539859,43.03310153,3
CurrentDensity_Acetate,LGBM,BF3,"{'learning_rate': 0.05, 'max_depth': 3, 'min_child_samples': 5, 'n_estimators': 50}",0.709021074,0.490883106,0.435347573,12.36543032,10.93793101,105.794012,69.17222592,0.22087672,88.32509571,44.793622,4
CurrentDensity_Acetate,MLP,BF3,"{'activation': 'tanh', 'alpha': 0.01, 'hidden_layer_sizes': (8,), 'learning_rate_init': 0.001}",0.7100385,0.496143267,0.433725888,10.96966959,11.1144169,114.0542985,68.92164258,0.09446066,46.62302152,45.43786067,5
CurrentDensity_Acetate,SVR_rbf,BF3,"{'C': 32.0, 'gamma': 1.0}",0.710569516,0.457317118,0.432878574,11.95915186,10.53895529,98.25925703,58.01546955,0.327904545,80.62164502,41.1365457,6
CurrentDensity_Acetate,RF,BF3,"{'criterion': 'absolute_error', 'max_features': 0.7, 'min_samples_split': 2, 'n_estimators': 150}",0.717669724,0.4079853,0.421488279,10.65189451,9.534726628,95.00609595,52.2699334,0.371671222,68.64658861,35.50503555,7
CurrentDensity_Acetate,SVR_poly,BF3,"{'C': 0.25, 'degree': 3, 'gamma': 0.25}",0.72688831,0.517331376,0.406530668,13.31944971,11.64947044,130.2070213,77.50988252,-0.180192403,92.28978798,47.27247578,8
CurrentDensity_Acetate,XGB,BF3,"{'learning_rate': 0.05, 'max_depth': 2, 'n_estimators': 100}",0.768796815,0.47022755,0.336125386,12.17244021,11.01913361,99.64250466,59.01861189,0.308848463,83.15988985,41.16965763,9
CurrentDensity_Acetate,HGB,BF3,"{'learning_rate': 0.05, 'max_iter': 50, 'max_leaf_nodes': 7, 'min_samples_leaf': 5}",0.80162877,0.508356569,0.278212257,12.64896061,11.40006191,111.5114286,68.85488336,0.134389001,89.80310592,44.32235453,10
CurrentDensity_Acetate,GB,BF3,"{'learning_rate': 0.1, 'max_depth': 2, 'n_estimators': 50}",0.823275052,0.460337417,0.238705273,12.21981177,10.76791361,98.53737574,55.23185186,0.324094484,96.49033671,38.72863246,11
CurrentDensity_Acetate,Ridge,BF3,"{'alpha': 10.0, 'fit_intercept': True}",0.823364087,0.642562671,0.238540601,15.58919608,14.33160013,122.1537122,85.60061009,-0.038717254,93.24125149,58.58164089,12
CurrentDensity_Acetate,Elastic,BF3,"{'alpha': 0.1, 'fit_intercept': True, 'l1_ratio': 0.4}",0.827393886,0.633301727,0.231068723,15.20772454,13.99713108,124.3659205,87.66768782,-0.076680343,92.19542442,57.44037954,13
CurrentDensity_Acetate,Lasso,BF3,"{'alpha': 0.1, 'fit_intercept': True}",0.839575912,0.635571162,0.208259517,15.36290899,14.09839016,127.8357224,86.92089446,-0.137597075,93.90325681,57.39122889,14
CurrentDensity_Acetate,LR,BF3,{'fit_intercept': True},0.846346179,0.639356988,0.195438982,15.05509365,13.98451313,129.1055466,92.00825375,-0.160309393,90.37235929,57.62911454,15
CurrentDensity_Acetate,SVR_linear,BF3,{'C': 0.03125},0.871336037,0.666307622,0.147225385,16.4876926,14.91836048,128.6644339,86.53448813,-0.15239412,106.3443866,59.92722626,16
CurrentDensity_Acetate,SVR_sigmoid,BF3,"{'C': 1.0, 'gamma': 0.03125}",0.879767297,0.6742197,0.130642229,16.63364171,15.08138856,130.4245799,87.56825835,-0.184139587,106.8107128,60.57153745,17
CurrentDensity_Acetate,DT,BF3,"{'criterion': 'absolute_error', 'max_features': 0.7, 'min_samples_split': 8}",0.902634804,0.518489324,0.084861004,13.60434238,12.4943039,98.15208431,58.27092874,0.329369873,116.3796828,42.77292852,18
CurrentDensity_Acetate,AB,BF3,"{'learning_rate': 0.05, 'n_estimators': 50}",0.922030014,0.496881909,0.045110695,13.65039078,11.11057876,120.0047927,67.89381019,-0.00249263,207.0498891,40.13014209,19
CurrentDensity_Acetate,KNN,BF4,"{'n_neighbors': 1, 'weights': 'uniform'}",0.668651639,0.449139587,0.497816154,10.44686676,10.29696861,95.51848643,59.46875,0.364875493,48.40476,41.16303717,1
CurrentDensity_Acetate,LGBM,BF4,"{'learning_rate': 0.1, 'max_depth': 3, 'min_child_samples': 5, 'n_estimators': 25}",0.692838586,0.477576684,0.460828354,12.0956283,10.6829072,102.3895036,66.8334653,0.270215086,85.17918775,43.68979112,2
CurrentDensity_Acetate,ET,BF4,"{'criterion': 'squared_error', 'max_features': 0.7, 'min_samples_split': 8, 'n_estimators': 50}",0.702968001,0.440976895,0.444947549,11.18344251,10.05431611,99.99752244,59.90443813,0.303914661,70.89181725,39.32006132,3
CurrentDensity_Acetate,CB,BF4,"{'depth': 4, 'iterations': 100, 'learning_rate': 0.1}",0.733950535,0.430757548,0.394942715,11.20835207,9.905489601,91.02351875,53.18332299,0.42324516,80.42211693,37.60080179,4
CurrentDensity_Acetate,SVR_rbf,BF4,"{'C': 4.0, 'gamma': 1.0}",0.73672813,0.471450857,0.390354439,12.24966239,10.77284375,101.7404561,61.39574231,0.279437979,87.5543423,41.99795753,5
CurrentDensity_Acetate,SVR_poly,BF4,"{'C': 0.25, 'degree': 2, 'gamma': 0.25}",0.738331962,0.515583447,0.387697194,13.18946688,11.6778292,107.8088848,66.86287072,0.190916929,90.29263039,46.79135878,6
CurrentDensity_Acetate,XGB,BF4,"{'learning_rate': 0.05, 'max_depth': 4, 'n_estimators': 25}",0.766358333,0.473141856,0.340330083,12.40563017,10.76834988,102.0025318,62.30906511,0.275720972,97.74173851,41.44258024,7
CurrentDensity_Acetate,RF,BF4,"{'criterion': 'absolute_error', 'max_features': 0.7, 'min_samples_split': 8, 'n_estimators': 150}",0.774465616,0.484124461,0.326298997,12.32689459,11.03069327,104.3097402,64.23663807,0.242585292,86.79107869,42.3055484,8
CurrentDensity_Acetate,HGB,BF4,"{'learning_rate': 0.05, 'max_iter': 50, 'max_leaf_nodes': 7, 'min_samples_leaf': 5}",0.792096998,0.49358924,0.295275053,12.34834262,11.09569301,108.8794872,66.81251358,0.174767848,88.01735681,42.92937683,9
CurrentDensity_Acetate,Elastic,BF4,"{'alpha': 0.1, 'fit_intercept': True, 'l1_ratio': 0.4}",0.81473585,0.608130137,0.254416026,14.70888856,13.40670902,125.051422,85.35541954,-0.088582318,92.2457356,55.07440026,10
CurrentDensity_Acetate,Ridge,BF4,"{'alpha': 10.0, 'fit_intercept': True}",0.816379842,0.622118868,0.251404078,15.1864878,13.83291943,123.4420439,84.19272101,-0.060743098,94.49161823,56.55869625,11
CurrentDensity_Acetate,Lasso,BF4,"{'alpha': 0.1, 'fit_intercept': True}",0.822686305,0.618141731,0.239793729,15.00708422,13.69122776,126.8403669,85.53293364,-0.119950908,93.16062779,55.95374049,12
CurrentDensity_Acetate,LR,BF4,{'fit_intercept': True},0.825834736,0.618188878,0.233963958,14.80266411,13.56492784,127.6731702,87.97921393,-0.134705844,92.88150981,55.8259459,13
CurrentDensity_Acetate,SVR_linear,BF4,{'C': 0.25},0.832071427,0.621829172,0.222350084,14.71734497,13.55397867,135.4345086,91.47259516,-0.276858227,91.92647838,55.97068934,14
CurrentDensity_Acetate,MLP,BF4,"{'activation': 'tanh', 'alpha': 0.01, 'hidden_layer_sizes': (16,), 'learning_rate_init': 0.001}",0.845553689,0.573175506,0.196945004,13.74962194,12.76381019,120.7361322,76.40636878,-0.01474875,85.68958416,50.38450378,15
CurrentDensity_Acetate,SVR_sigmoid,BF4,"{'C': 1.0, 'gamma': 0.03125}",0.850671381,0.661345043,0.187194646,16.30047492,14.81979323,126.7158025,86.01063012,-0.117752278,101.2866982,59.95354004,16
CurrentDensity_Acetate,GB,BF4,"{'learning_rate': 0.05, 'max_depth': 4, 'n_estimators': 25}",0.864238625,0.491577712,0.161061249,13.07838923,11.19880879,103.440586,62.30876558,0.255154924,131.2179749,40.95498038,17
CurrentDensity_Acetate,AB,BF4,"{'learning_rate': 0.05, 'n_estimators': 50}",0.92813176,0.477864302,0.032430478,13.26748409,10.63198814,121.5140034,66.17988593,-0.027866391,223.6331798,37.93536757,18
CurrentDensity_Acetate,DT,BF4,"{'criterion': 'absolute_error', 'max_features': 1.0, 'min_samples_split': 10}",0.929954855,0.497412013,0.028625622,13.73464867,11.17701244,119.3983221,65.95482458,0.007614399,224.0860002,39.97095901,19
CurrentDensity_Complex,ET,BF1,"{'criterion': 'absolute_error', 'max_features': 0.7, 'min_samples_split': 2, 'n_estimators': 150}",0.46017006,0.343221624,0.668775487,8.424799752,8.338108011,41.04157986,28.75783273,0.405776861,37.16694493,33.62372211,1
CurrentDensity_Complex,KNN,BF1,"{'n_neighbors': 4, 'weights': 'distance'}",0.50678391,0.379232526,0.598272662,9.93069026,9.386108556,39.81647149,29.7840824,0.440723,47.89257373,36.85371924,2
CurrentDensity_Complex,SVR_rbf,BF1,"{'C': 1.0, 'gamma': 0.25}",0.523289778,0.418184342,0.571678127,11.03608659,10.31829154,40.12969201,32.41417951,0.431889166,54.92505963,40.81161643,3
CurrentDensity_Complex,RF,BF1,"{'criterion': 'absolute_error', 'max_features': 0.7, 'min_samples_split': 2, 'n_estimators': 150}",0.536093844,0.419156043,0.550460983,10.66153104,10.40161878,42.64530756,32.20070608,0.358430189,47.48016396,40.71890625,4
CurrentDensity_Complex,GB,BF1,"{'learning_rate': 0.1, 'max_depth': 2, 'n_estimators': 100}",0.548382646,0.394634628,0.529615333,10.19062248,9.929834948,40.50365634,29.81243058,0.421251501,45.79655459,37.82098884,5
CurrentDensity_Complex,CB,BF1,"{'depth': 3, 'iterations': 100, 'learning_rate': 0.1}",0.551636238,0.421805499,0.524017125,10.88423812,10.51725148,42.92334513,32.17084524,0.350037143,50.07023105,40.77882158,6
CurrentDensity_Complex,HGB,BF1,"{'learning_rate': 0.1, 'max_iter': 100, 'max_leaf_nodes': 7, 'min_samples_leaf': 10}",0.579591358,0.445429551,0.474552228,11.32222086,11.00921059,44.25742941,33.89844332,0.309006775,50.90885193,42.83997236,7
CurrentDensity_Complex,AB,BF1,"{'learning_rate': 0.05, 'n_estimators': 100}",0.582755053,0.453991868,0.468800268,11.52581681,11.35661992,43.55089127,34.26435549,0.330893093,51.3892029,43.63212911,8
CurrentDensity_Complex,LGBM,BF1,"{'learning_rate': 0.1, 'max_depth': 2, 'min_child_samples': 10, 'n_estimators': 100}",0.584212909,0.443504764,0.466139179,11.32454678,10.97948693,44.38580766,33.57139031,0.30499221,51.40534157,42.58162095,9
CurrentDensity_Complex,MLP,BF1,"{'activation': 'tanh', 'alpha': 0.01, 'hidden_layer_sizes': (16,), 'learning_rate_init': 0.001}",0.605713142,0.524149062,0.426121777,13.32205951,13.37197391,45.57815902,37.69580215,0.267150194,55.71156822,51.11369211,10
CurrentDensity_Complex,XGB,BF1,"{'learning_rate': 0.1, 'max_depth': 2, 'n_estimators': 100}",0.6080199,0.426425791,0.421742414,11.09907171,10.84988924,41.68639601,31.02988052,0.386958157,50.36555647,40.18243057,11
CurrentDensity_Complex,SVR_poly,BF1,"{'C': 0.25, 'degree': 2, 'gamma': 0.25}",0.627684661,0.484953012,0.383733185,13.55660971,12.10110186,41.61666046,35.25007667,0.389007509,77.03124123,46.23122635,12
CurrentDensity_Complex,DT,BF1,"{'criterion': 'squared_error', 'max_features': 0.7, 'min_samples_split': 6}",0.630088063,0.439179893,0.379004783,11.47345814,11.19432787,42.91149373,31.07854613,0.350396011,54.68657003,41.16996141,13
CurrentDensity_Complex,Elastic,BF1,"{'alpha': 0.1, 'fit_intercept': True, 'l1_ratio': 0.4}",0.678415063,0.557177906,0.28009247,14.56087523,14.01807101,49.05815621,39.26117307,0.150968385,66.15894262,53.26044708,14
CurrentDensity_Complex,Ridge,BF1,"{'alpha': 0.1, 'fit_intercept': True}",0.682863401,0.549196795,0.270620714,14.08836441,13.70538156,50.09661501,39.74003278,0.114643496,64.79809131,52.32404233,15
CurrentDensity_Complex,LR,BF1,{'fit_intercept': True},0.683401829,0.548901982,0.269470052,14.0546508,13.66417154,50.44958982,39.94421542,0.102123309,65.11789457,52.29008818,16
CurrentDensity_Complex,Lasso,BF1,"{'alpha': 0.001, 'fit_intercept': True}",0.684786219,0.550366698,0.266507336,14.11451756,13.72399414,50.31183256,39.87465548,0.107020084,65.16895579,52.41770925,17
CurrentDensity_Complex,SVR_sigmoid,BF1,"{'C': 4.0, 'gamma': 0.03125}",0.751658289,0.596033853,0.116255643,15.36019327,15.31218308,50.28272015,40.52422441,0.108053212,66.40905991,55.77898397,18
CurrentDensity_Complex,SVR_linear,BF1,{'C': 0.25},0.754281271,0.561959279,0.110077065,14.08340453,14.4719789,49.48581398,38.89086006,0.136101231,58.62091862,51.8600255,19
CurrentDensity_Complex,ET,BF2,"{'criterion': 'absolute_error', 'max_features': 1.0, 'min_samples_split': 4, 'n_estimators': 150}",0.456548672,0.359838193,0.673968232,9.073029874,8.916287919,40.57276812,28.97777266,0.419274768,39.76744059,35.5271377,1
CurrentDensity_Complex,KNN,BF2,"{'n_neighbors': 3, 'weights': 'distance'}",0.508331934,0.378645158,0.595814678,9.885308261,9.305811272,39.44481188,30.1207138,0.451115209,48.79313444,36.69325712,2
CurrentDensity_Complex,SVR_rbf,BF2,"{'C': 1.0, 'gamma': 0.25}",0.523228395,0.418130003,0.571778605,11.03478468,10.31721822,40.12270649,32.40670567,0.432086935,54.91339192,40.80655553,3
CurrentDensity_Complex,RF,BF2,"{'criterion': 'absolute_error', 'max_features': 0.7, 'min_samples_split': 2, 'n_estimators': 50}",0.536676985,0.41155496,0.54948247,10.45770754,10.23521203,42.43850026,31.49732874,0.364637653,46.31165714,39.91965982,4
CurrentDensity_Complex,CB,BF2,"{'depth': 3, 'iterations': 100, 'learning_rate': 0.1}",0.546582132,0.42122374,0.532699105,10.75805758,10.44428065,42.84202185,32.44931835,0.352497671,49.08907147,40.7662693,5
CurrentDensity_Complex,GB,BF2,"{'learning_rate': 0.1, 'max_depth': 2, 'n_estimators': 100}",0.548049888,0.395295987,0.530186017,10.21081023,9.948455459,40.40834125,29.825153,0.423972172,45.89827719,37.89135694,6
CurrentDensity_Complex,AB,BF2,"{'learning_rate': 0.1, 'n_estimators': 25}",0.556425511,0.419845453,0.515716338,10.68838312,10.41433052,43.18825888,32.85904911,0.34198952,49.4790193,40.40620262,7
CurrentDensity_Complex,HGB,BF2,"{'learning_rate': 0.1, 'max_iter': 100, 'max_leaf_nodes': 7, 'min_samples_leaf': 10}",0.579591358,0.445429551,0.474552228,11.32222086,11.00921059,44.25742941,33.89844332,0.309006775,50.90885193,42.83997236,8
CurrentDensity_Complex,LGBM,BF2,"{'learning_rate': 0.1, 'max_depth': 2, 'min_child_samples': 10, 'n_estimators': 100}",0.584212909,0.443504764,0.466139179,11.32454678,10.97948693,44.38580766,33.57139031,0.30499221,51.40534157,42.58162095,9
CurrentDensity_Complex,DT,BF2,"{'criterion': 'absolute_error', 'max_features': 0.7, 'min_samples_split': 4}",0.586636899,0.441647945,0.461699845,10.82877653,11.1459803,44.17521969,32.87207192,0.311571479,43.61049559,42.22675587,10
CurrentDensity_Complex,XGB,BF2,"{'learning_rate': 0.1, 'max_depth': 2, 'n_estimators': 100}",0.6080199,0.426425791,0.421742414,11.09907171,10.84988924,41.68639601,31.02988052,0.386958157,50.36555647,40.18243057,11
CurrentDensity_Complex,MLP,BF2,"{'activation': 'tanh', 'alpha': 0.01, 'hidden_layer_sizes': (16,), 'learning_rate_init': 0.001}",0.618930249,0.529609356,0.400803638,13.44484851,13.60970468,44.70164557,37.18978819,0.295066029,54.98969561,51.52868675,12
CurrentDensity_Complex,SVR_poly,BF2,"{'C': 0.25, 'degree': 2, 'gamma': 0.25}",0.62700097,0.4818781,0.385074962,13.49880753,12.03716732,41.46297732,34.94037915,0.393511756,76.8463333,45.91735059,13
CurrentDensity_Complex,Elastic,BF2,"{'alpha': 0.1, 'fit_intercept': True, 'l1_ratio': 0.4}",0.679478961,0.557864228,0.277832766,14.58135998,14.03618671,49.14169487,39.29568471,0.148074377,66.21000675,53.31482562,14
CurrentDensity_Complex,Ridge,BF2,"{'alpha': 0.1, 'fit_intercept': True}",0.68327767,0.549765326,0.269735469,14.11058018,13.73086288,49.99208382,39.70850169,0.118334396,64.72608387,52.37147235,15
CurrentDensity_Complex,LR,BF2,{'fit_intercept': True},0.683401829,0.548901982,0.269470052,14.0546508,13.66417154,50.44958982,39.94421542,0.102123309,65.11789457,52.29008818,16
CurrentDensity_Complex,Lasso,BF2,"{'alpha': 0.001, 'fit_intercept': True}",0.684887586,0.550461801,0.266290167,14.11762203,13.72726652,50.30671581,39.87545529,0.107201708,65.17186695,52.42545151,17
CurrentDensity_Complex,SVR_linear,BF2,{'C': 0.03125},0.752444308,0.617319998,0.11440639,16.72737147,15.40196242,51.55451609,43.39169908,0.06236276,88.45968758,58.11265793,18
CurrentDensity_Complex,SVR_sigmoid,BF2,"{'C': 1.0, 'gamma': 0.03125}",0.755129415,0.621830762,0.108074608,16.8258386,15.54172162,51.65635789,43.43388361,0.058654647,87.9544688,58.56051529,19
CurrentDensity_Complex,ET,BF3,"{'criterion': 'absolute_error', 'max_features': 1.0, 'min_samples_split': 4, 'n_estimators': 100}",0.463009547,0.359446505,0.664675224,9.167094419,8.954316555,40.1491586,28.41663337,0.43133786,40.38368846,35.39835348,1
CurrentDensity_Complex,KNN,BF3,"{'n_neighbors': 3, 'weights': 'distance'}",0.51282861,0.379321065,0.588632248,9.983269869,9.366062679,39.19557653,29.69090677,0.458029645,49.50142336,36.70973962,2
CurrentDensity_Complex,DT,BF3,"{'criterion': 'absolute_error', 'max_features': 0.7, 'min_samples_split': 8}",0.518863509,0.387612996,0.578893439,9.818633495,9.681169789,43.18134953,30.62402446,0.342200043,43.1427278,37.65175176,3
CurrentDensity_Complex,SVR_rbf,BF3,"{'C': 1.0, 'gamma': 0.25}",0.527465789,0.419576201,0.564814572,11.08027648,10.35590625,40.32683355,32.49171293,0.426293641,55.25614786,40.90913623,4
CurrentDensity_Complex,GB,BF3,"{'learning_rate': 0.1, 'max_depth': 2, 'n_estimators': 100}",0.548266592,0.396854707,0.529814407,10.25940908,9.998430002,40.40746692,29.85333497,0.423997099,46.04507557,38.05399319,5
CurrentDensity_Complex,CB,BF3,"{'depth': 4, 'iterations': 100, 'learning_rate': 0.1}",0.551476975,0.423090041,0.524291928,10.84130201,10.46141869,43.76199615,32.9274238,0.324390628,50.28230861,40.88494737,6
CurrentDensity_Complex,RF,BF3,"{'criterion': 'absolute_error', 'max_features': 0.7, 'min_samples_split': 4, 'n_estimators': 50}",0.553260436,0.434007826,0.5212101,11.06817722,10.81753587,42.9915076,32.95922033,0.347971216,48.82749224,42.06129297,7
CurrentDensity_Complex,AB,BF3,"{'learning_rate': 0.05, 'n_estimators': 50}",0.563366391,0.443290989,0.503559024,11.28471206,11.04746607,43.17348958,33.7487108,0.34243949,50.96090437,42.84828988,8
CurrentDensity_Complex,HGB,BF3,"{'learning_rate': 0.1, 'max_iter': 100, 'max_leaf_nodes': 7, 'min_samples_leaf': 10}",0.579591358,0.445429551,0.474552228,11.32222086,11.00921059,44.25742941,33.89844332,0.309006775,50.90885193,42.83997236,9
CurrentDensity_Complex,LGBM,BF3,"{'learning_rate': 0.1, 'max_depth': 2, 'min_child_samples': 10, 'n_estimators': 100}",0.584212909,0.443504764,0.466139179,11.32454678,10.97948693,44.38580766,33.57139031,0.30499221,51.40534157,42.58162095,10
CurrentDensity_Complex,XGB,BF3,"{'learning_rate': 0.1, 'max_depth': 2, 'n_estimators': 100}",0.6080199,0.426425791,0.421742414,11.09907171,10.84988924,41.68639601,31.02988052,0.386958157,50.36555647,40.18243057,11
CurrentDensity_Complex,SVR_poly,BF3,"{'C': 0.25, 'degree': 2, 'gamma': 0.25}",0.636505762,0.486464416,0.36629019,13.6651168,12.14088942,41.7501649,35.20666236,0.385081146,79.05465895,46.20928298,12
CurrentDensity_Complex,MLP,BF3,"{'activation': 'tanh', 'alpha': 0.1, 'hidden_layer_sizes': (16,), 'learning_rate_init': 0.001}",0.643408275,0.532882034,0.35247128,13.71500012,13.80614542,45.64222475,37.21884288,0.265088525,57.0538028,51.441529,13
CurrentDensity_Complex,Elastic,BF3,"{'alpha': 0.1, 'fit_intercept': True, 'l1_ratio': 0.4}",0.679479013,0.557864254,0.277832656,14.58136106,14.03618736,49.14169558,39.29568581,0.148074353,66.21001777,53.31482727,14
CurrentDensity_Complex,Ridge,BF3,"{'alpha': 10.0, 'fit_intercept': True}",0.68566198,0.565771489,0.264630033,14.79236304,14.20885153,50.0440208,39.95868558,0.116501513,67.46100543,54.06915466,15
CurrentDensity_Complex,Lasso,BF3,"{'alpha': 0.01, 'fit_intercept': True}",0.688910285,0.553054632,0.25764594,14.32278251,13.94831693,49.10175693,39.0278035,0.149458551,64.2908789,52.56963067,16
CurrentDensity_Complex,LR,BF3,{'fit_intercept': True},0.69638953,0.559833991,0.241439511,14.46763995,14.1275636,49.56985645,39.51291657,0.133164396,64.84460206,53.14131377,17
CurrentDensity_Complex,SVR_sigmoid,BF3,"{'C': 4.0, 'gamma': 0.03125}",0.739116742,0.575641516,0.145500465,14.6353358,14.72125825,50.17639813,39.85573318,0.111821239,62.3073808,53.77198435,18
CurrentDensity_Complex,SVR_linear,BF3,{'C': 1.0},0.742899958,0.548328941,0.136730457,13.72065093,14.15549041,48.36441866,38.14187919,0.174811129,56.78409537,50.60740905,19
CurrentDensity_Complex,AB,BF4,"{'learning_rate': 0.05, 'n_estimators': 25}",0.550968691,0.424334254,0.525168422,11.01889065,10.65267772,41.98173462,31.80135365,0.378240862,51.08107578,41.06671643,1
CurrentDensity_Complex,ET,BF4,"{'criterion': 'absolute_error', 'max_features': 1.0, 'min_samples_split': 2, 'n_estimators': 50}",0.564850876,0.421418478,0.500939308,10.68840905,10.48421753,44.6534197,32.05352467,0.296586228,47.21276391,40.58080413,2
CurrentDensity_Complex,HGB,BF4,"{'learning_rate': 0.1, 'max_iter': 100, 'max_leaf_nodes': 7, 'min_samples_leaf': 10}",0.566599383,0.435082462,0.497844821,11.06776296,10.76724418,43.55683889,33.02454792,0.330710324,49.29134527,41.97091672,3
CurrentDensity_Complex,LGBM,BF4,"{'learning_rate': 0.1, 'max_depth': 2, 'min_child_samples': 10, 'n_estimators': 100}",0.568556016,0.438892399,0.494370657,11.17926829,10.8454618,43.80343357,33.48811273,0.323110578,50.27595019,42.33955022,4
CurrentDensity_Complex,RF,BF4,"{'criterion': 'squared_error', 'max_features': 0.7, 'min_samples_split': 6, 'n_estimators': 50}",0.577870542,0.447356114,0.477667724,11.43281348,11.16565995,43.80151953,33.34409995,0.323169732,50.7515587,43.106742,5
CurrentDensity_Complex,GB,BF4,"{'learning_rate': 0.1, 'max_depth': 2, 'n_estimators': 100}",0.588539692,0.418076297,0.458202164,10.84511496,10.60760035,42.05768294,30.77247875,0.375989203,49.49329102,39.76924054,6
CurrentDensity_Complex,CB,BF4,"{'depth': 2, 'iterations': 100, 'learning_rate': 0.1}",0.61186971,0.473958153,0.414396504,12.25734143,11.89189175,44.63173184,34.83418384,0.297269349,56.30416305,45.31347321,7
CurrentDensity_Complex,DT,BF4,"{'criterion': 'absolute_error', 'max_features': 1.0, 'min_samples_split': 8}",0.61558622,0.436786203,0.407260963,11.8186345,11.13484713,43.84302076,31.46139076,0.321886553,63.09491356,41.21778311,8
CurrentDensity_Complex,XGB,BF4,"{'learning_rate': 0.1, 'max_depth': 2, 'n_estimators': 50}",0.617295577,0.448660609,0.403964562,11.63841867,11.29000914,43.8977733,33.01340608,0.320191796,53.85093008,42.4409416,9
CurrentDensity_Complex,KNN,BF4,"{'n_neighbors': 7, 'weights': 'distance'}",0.679106149,0.486456297,0.278625017,13.55011141,12.09095654,46.2622517,35.85613662,0.24498609,80.03159037,45.39163389,10
CurrentDensity_Complex,MLP,BF4,"{'activation': 'relu', 'alpha': 0.1, 'hidden_layer_sizes': (16, 8), 'learning_rate_init': 0.001}",0.684903768,0.523111732,0.266255495,13.45660079,13.12122027,49.86414278,38.73561448,0.122841385,63.34245513,49.37831818,11
CurrentDensity_Complex,SVR_rbf,BF4,"{'C': 1.0, 'gamma': 1.0}",0.706284927,0.527577363,0.219728709,14.73287892,13.15158697,46.86404498,38.02263225,0.225215434,84.99407613,49.29744773,12
CurrentDensity_Complex,Elastic,BF4,"{'alpha': 0.1, 'fit_intercept': True, 'l1_ratio': 0.4}",0.763554966,0.636307759,0.088059794,16.8566523,16.01636946,53.13941791,43.49151875,0.003826455,80.36951615,60.04396582,13
CurrentDensity_Complex,Lasso,BF4,"{'alpha': 0.1, 'fit_intercept': True}",0.771960206,0.648655886,0.067871947,17.26186934,16.28941083,53.97251452,44.3733001,-0.027653539,83.47873808,61.2063361,14
CurrentDensity_Complex,Ridge,BF4,"{'alpha': 10.0, 'fit_intercept': True}",0.772211041,0.645871078,0.067266091,17.1140769,16.23239727,53.98410992,44.20543842,-0.028095147,82.09625556,60.91536439,15
CurrentDensity_Complex,LR,BF4,{'fit_intercept': True},0.785856301,0.644324666,0.034011333,16.94995516,16.27647045,53.72971759,43.74873124,-0.018428476,80.05566196,60.37610725,16
CurrentDensity_Complex,SVR_poly,BF4,"{'C': 0.25, 'degree': 3, 'gamma': 0.25}",0.789105203,0.627054547,0.026007607,17.81358414,15.58057472,51.50140969,44.44162184,0.064293488,109.387495,58.1598317,17
CurrentDensity_Complex,SVR_sigmoid,BF4,"{'C': 4.0, 'gamma': 0.03125}",0.81011461,0.62191062,-0.026546627,15.98088347,15.96445763,51.10872658,41.58685253,0.078508064,71.23677929,57.06910771,18
CurrentDensity_Complex,SVR_linear,BF4,{'C': 0.25},0.832642904,0.625580159,-0.084434489,15.85641657,16.13127654,51.46482808,41.86089048,0.065622287,69.29911101,56.81770929,19
H2Rate_All,CB,BF1,"{'depth': 4, 'iterations': 100, 'learning_rate': 0.1}",0.278712223,0.210613864,0.581833252,159.2440898,58.56632536,0.657903559,0.411185372,0.591509776,199.8452447,67.35133305,1
H2Rate_All,ET,BF1,"{'criterion': 'absolute_error', 'max_features': 0.7, 'min_samples_split': 2, 'n_estimators': 100}",0.300404323,0.190247763,0.514208602,151.3748277,50.61785413,0.719952598,0.391526131,0.510824156,211.0953048,57.98811972,2
H2Rate_All,RF,BF1,"{'criterion': 'squared_error', 'max_features': 0.7, 'min_samples_split': 2, 'n_estimators': 50}",0.318286075,0.218257407,0.454653236,195.3043469,57.44483034,0.771342997,0.448423665,0.438496745,273.7367256,65.89848656,3
H2Rate_All,XGB,BF1,"{'learning_rate': 0.1, 'max_depth': 3, 'n_estimators': 100}",0.318937122,0.21467635,0.452419965,161.5131073,57.24796071,0.760466004,0.447652808,0.45422102,250.3342546,65.73070261,4
H2Rate_All,HGB,BF1,"{'learning_rate': 0.05, 'max_iter': 100, 'max_leaf_nodes': 7, 'min_samples_leaf': 5}",0.32090272,0.237145257,0.445649734,199.022179,60.90377599,0.74523003,0.476492381,0.475871361,288.1006727,70.3215989,5
H2Rate_All,LGBM,BF1,"{'learning_rate': 0.1, 'max_depth': 2, 'min_child_samples': 5, 'n_estimators': 100}",0.322091066,0.245489376,0.441536464,197.5106063,63.15081929,0.776188948,0.491991609,0.43141931,264.4871362,72.94614713,6
H2Rate_All,GB,BF1,"{'learning_rate': 0.1, 'max_depth': 3, 'n_estimators': 100}",0.330029613,0.216772778,0.413668421,187.7602977,59.57618384,0.778779772,0.443641106,0.42761727,281.8401396,67.60770218,7
H2Rate_All,SVR_rbf,BF1,"{'C': 32.0, 'gamma': 0.03125}",0.330704238,0.264654743,0.411268893,200.9681749,71.54518887,0.804418267,0.524886726,0.389309668,244.2070582,82.17070642,8
H2Rate_All,DT,BF1,"{'criterion': 'squared_error', 'max_features': 0.7, 'min_samples_split': 2}",0.344149609,0.216269859,0.362423907,157.5978495,49.05272352,0.787720745,0.446721858,0.414399063,231.6340208,56.42740311,9
H2Rate_All,KNN,BF1,"{'n_neighbors': 9, 'weights': 'distance'}",0.345110899,0.251021905,0.358857135,287.0807075,66.34001741,0.761802327,0.471312437,0.452301204,376.4048159,74.81179143,10
H2Rate_All,MLP,BF1,"{'activation': 'relu', 'alpha': 0.1, 'hidden_layer_sizes': (16, 8), 'learning_rate_init': 0.001}",0.357531352,0.275595867,0.311877551,230.3166088,71.29405933,0.822129584,0.526657514,0.362121816,315.5413379,81.82390691,11
H2Rate_All,SVR_poly,BF1,"{'C': 4.0, 'degree': 2, 'gamma': 0.03125}",0.362045758,0.28556715,0.294390548,234.5918407,75.19749766,0.95171501,0.571540054,0.145187165,286.7612155,86.04866582,12
H2Rate_All,AB,BF1,"{'learning_rate': 0.05, 'n_estimators': 100}",0.373073782,0.276034429,0.250749704,253.2375797,68.06239982,0.938715485,0.574722409,0.16837955,388.0636358,78.67415896,13
H2Rate_All,Lasso,BF1,"{'alpha': 0.1, 'fit_intercept': True}",0.44886535,0.36721289,-0.084600066,383.8424167,82.27108435,1.070572337,0.700845719,-0.081656168,512.1817625,94.76182343,14
H2Rate_All,Elastic,BF1,"{'alpha': 0.1, 'fit_intercept': True, 'l1_ratio': 0.9}",0.449544,0.368603359,-0.087882212,383.5939685,82.61316198,1.072002233,0.704291584,-0.084547498,515.3218407,95.2100408,15
H2Rate_All,SVR_sigmoid,BF1,"{'C': 0.25, 'gamma': 0.03125}",0.468797647,0.364412624,-0.183064193,306.282452,86.22166647,1.113121569,0.694220666,-0.169344273,397.5981395,98.19837428,16
H2Rate_All,Ridge,BF1,"{'alpha': 10.0, 'fit_intercept': True}",0.480121081,0.3836356,-0.240906371,384.7198385,85.90976705,1.21574488,0.760881266,-0.394896854,609.4384951,98.74006773,17
H2Rate_All,SVR_linear,BF1,{'C': 0.03125},0.491924356,0.380066752,-0.302669112,335.7642627,88.45852536,1.191119789,0.73829603,-0.33896146,502.4995199,100.4146663,18
H2Rate_All,LR,BF1,{'fit_intercept': True},0.506348201,0.397293504,-0.380180878,400.4047527,88.47471375,1.417424278,0.811414773,-0.896081193,707.8294938,101.3751801,19
H2Rate_All,CB,BF2,"{'depth': 4, 'iterations': 100, 'learning_rate': 0.1}",0.277635485,0.214484716,0.585057986,181.1341658,62.6711872,0.645029081,0.41124248,0.607340792,227.3960491,71.40103369,1
H2Rate_All,GB,BF2,"{'learning_rate': 0.05, 'max_depth': 3, 'n_estimators': 100}",0.299527702,0.223730681,0.517039677,198.9785428,60.11709957,0.681409217,0.438495275,0.561799162,274.0579464,69.00872828,2
H2Rate_All,XGB,BF2,"{'learning_rate': 0.1, 'max_depth': 3, 'n_estimators': 100}",0.313417718,0.227041575,0.471208395,186.6843905,61.88799769,0.746698738,0.466556553,0.473803408,276.2946731,70.96426855,3
H2Rate_All,ET,BF2,"{'criterion': 'squared_error', 'max_features': 0.7, 'min_samples_split': 2, 'n_estimators': 150}",0.314981357,0.21486632,0.465918957,180.7621958,60.16607323,0.755378425,0.439198236,0.461499205,253.7464025,68.25335653,4
H2Rate_All,RF,BF2,"{'criterion': 'absolute_error', 'max_features': 0.7, 'min_samples_split': 2, 'n_estimators': 100}",0.315591613,0.225864983,0.463847457,213.9995736,61.10548786,0.758268907,0.459101606,0.457370136,287.9364055,69.66560496,5
H2Rate_All,HGB,BF2,"{'learning_rate': 0.1, 'max_iter': 100, 'max_leaf_nodes': 7, 'min_samples_leaf': 5}",0.319036498,0.232783948,0.452078677,202.3320957,63.23225844,0.740905916,0.465713593,0.481936111,282.2639983,72.20936684,6
H2Rate_All,LGBM,BF2,"{'learning_rate': 0.1, 'max_depth': 2, 'min_child_samples': 5, 'n_estimators': 100}",0.331284966,0.258536439,0.40919941,218.7515765,72.01336774,0.78279202,0.508684514,0.421704283,291.5074067,81.99201304,7
H2Rate_All,KNN,BF2,"{'n_neighbors': 7, 'weights': 'distance'}",0.333851831,0.234574565,0.400008652,217.1262317,64.72955615,0.778152951,0.462817592,0.428538293,285.0928045,73.15041901,8
H2Rate_All,SVR_rbf,BF2,"{'C': 4.0, 'gamma': 1.0}",0.345427878,0.261823038,0.357678833,241.3383189,70.24205372,0.776843072,0.490434128,0.430460578,296.7519378,79.78145845,9
H2Rate_All,DT,BF2,"{'criterion': 'squared_error', 'max_features': 0.7, 'min_samples_split': 4}",0.350522943,0.247904662,0.338590598,182.2429382,59.92824701,0.795495329,0.496469276,0.402782584,250.5406799,68.88826692,10
H2Rate_All,AB,BF2,"{'learning_rate': 0.1, 'n_estimators': 50}",0.359317753,0.268851121,0.304983983,272.6654699,68.86456294,0.844113951,0.530878721,0.327551,413.5678659,78.91559948,11
H2Rate_All,SVR_poly,BF2,"{'C': 4.0, 'degree': 2, 'gamma': 0.03125}",0.368686029,0.290478519,0.26827006,237.1193261,73.95825237,0.913327315,0.572753731,0.212754676,291.6742873,85.08710431,12
H2Rate_All,MLP,BF2,"{'activation': 'relu', 'alpha': 0.01, 'hidden_layer_sizes': (16, 8), 'learning_rate_init': 0.001}",0.375207608,0.29637549,0.242154394,263.9604976,74.06050224,0.848502363,0.566388764,0.320540917,368.291094,85.23664106,13
H2Rate_All,Lasso,BF2,"{'alpha': 0.1, 'fit_intercept': True}",0.44886535,0.36721289,-0.084600066,383.8424167,82.27108435,1.070572337,0.700845719,-0.081656168,512.1817625,94.76182343,14
H2Rate_All,Elastic,BF2,"{'alpha': 0.1, 'fit_intercept': True, 'l1_ratio': 0.9}",0.449544,0.368603359,-0.087882212,383.5939685,82.61316198,1.072002233,0.704291584,-0.084547498,515.3218407,95.2100408,15
H2Rate_All,SVR_sigmoid,BF2,"{'C': 0.25, 'gamma': 0.03125}",0.472058938,0.368534412,-0.19958193,294.3550919,88.08957007,1.115693731,0.697910349,-0.174754676,374.6399682,100.1989907,16
H2Rate_All,Ridge,BF2,"{'alpha': 10.0, 'fit_intercept': True}",0.484394403,0.392562194,-0.263094071,382.8400136,88.34845264,1.227316351,0.775331228,-0.421576504,607.4522667,101.5379623,17
H2Rate_All,SVR_linear,BF2,{'C': 0.03125},0.501506339,0.384597573,-0.353911628,306.6790144,90.70213746,1.199219113,0.740564824,-0.357232591,446.632491,102.4685611,18
H2Rate_All,LR,BF2,{'fit_intercept': True},0.512820476,0.404617742,-0.415690046,396.3126592,90.06205155,1.463717356,0.82896396,-1.021955725,715.440778,103.1877813,19
H2Rate_All,CB,BF3,"{'depth': 4, 'iterations': 100, 'learning_rate': 0.1}",0.275258615,0.219126929,0.59213231,182.9899229,62.61594003,0.650466935,0.428359528,0.600692336,224.4196404,71.79553487,1
H2Rate_All,ET,BF3,"{'criterion': 'squared_error', 'max_features': 1.0, 'min_samples_split': 4, 'n_estimators': 100}",0.27766775,0.213698972,0.584961537,179.6075262,60.53292759,0.68788421,0.432402459,0.553431714,221.3182706,69.28554445,2
H2Rate_All,GB,BF3,"{'learning_rate': 0.05, 'max_depth': 3, 'n_estimators': 100}",0.287777233,0.216020164,0.554189463,192.7300526,60.51742009,0.657884745,0.420568655,0.591533139,256.6876507,69.22219898,3
H2Rate_All,RF,BF3,"{'criterion': 'absolute_error', 'max_features': 0.7, 'min_samples_split': 2, 'n_estimators': 150}",0.298350076,0.22261669,0.520829836,206.8229486,62.23614057,0.723346191,0.445390215,0.506201696,262.0211004,70.91894124,4
H2Rate_All,KNN,BF3,"{'n_neighbors': 7, 'weights': 'distance'}",0.310264713,0.223425108,0.481794243,216.224695,62.96088169,0.719420041,0.441416336,0.511547587,279.979623,71.16780857,5
H2Rate_All,DT,BF3,"{'criterion': 'squared_error', 'max_features': 0.7, 'min_samples_split': 4}",0.310806696,0.21565064,0.479982215,150.7677382,54.38511284,0.818068291,0.4653279,0.368408444,193.8501313,63.09644992,6
H2Rate_All,XGB,BF3,"{'learning_rate': 0.1, 'max_depth': 3, 'n_estimators': 100}",0.316883177,0.227595117,0.459450049,191.6074143,62.07069538,0.768090959,0.471732663,0.443221441,281.1033992,71.16045625,7
H2Rate_All,HGB,BF3,"{'learning_rate': 0.1, 'max_iter': 50, 'max_leaf_nodes': 7, 'min_samples_leaf': 5}",0.323483575,0.234362386,0.436697171,203.749946,63.83648958,0.782507936,0.476953571,0.422123946,285.4200293,73.02642772,8
H2Rate_All,LGBM,BF3,"{'learning_rate': 0.1, 'max_depth': 4, 'min_child_samples': 10, 'n_estimators': 100}",0.32602262,0.261675475,0.427819662,246.7392895,70.12167614,0.782059654,0.520444956,0.422785862,315.0409899,80.02285867,9
H2Rate_All,AB,BF3,"{'learning_rate': 0.05, 'n_estimators': 100}",0.332939739,0.269380212,0.403282557,253.6183306,69.69484619,0.763645789,0.529204367,0.449647278,329.9260049,80.16920781,10
H2Rate_All,SVR_rbf,BF3,"{'C': 32.0, 'gamma': 0.03125}",0.355214598,0.278118142,0.320766537,217.5779024,75.00313677,0.754883635,0.519167258,0.462204433,266.2299112,85.41100022,11
H2Rate_All,MLP,BF3,"{'activation': 'tanh', 'alpha': 0.01, 'hidden_layer_sizes': (8,), 'learning_rate_init': 0.001}",0.369276144,0.319306554,0.265925784,305.2351646,78.87625338,0.85111037,0.602834757,0.316357647,387.1482374,91.01601402,12
H2Rate_All,SVR_poly,BF3,"{'C': 1.0, 'degree': 2, 'gamma': 0.25}",0.404718775,0.311686798,0.118252638,316.9526745,75.45530935,1.036607218,0.606806839,-0.014111374,338.5084139,86.45175919,13
H2Rate_All,Elastic,BF3,"{'alpha': 0.1, 'fit_intercept': True, 'l1_ratio': 0.9}",0.443218039,0.36409927,-0.057480382,380.3725778,81.97495985,1.05930095,0.694957189,-0.058999902,505.2023664,94.4776921,14
H2Rate_All,Lasso,BF3,"{'alpha': 0.1, 'fit_intercept': True}",0.443650143,0.36352855,-0.059543316,379.5151319,81.84822507,1.061253007,0.693326033,-0.062906502,501.5352574,94.28142465,15
H2Rate_All,SVR_sigmoid,BF3,"{'C': 0.25, 'gamma': 0.25}",0.473830421,0.368270309,-0.208602099,301.8135762,88.76358777,1.114671756,0.69297107,-0.172603511,379.9914623,100.6255105,16
H2Rate_All,Ridge,BF3,"{'alpha': 10.0, 'fit_intercept': True}",0.475263837,0.380606449,-0.215925603,380.5505004,85.94540749,1.201806987,0.753508314,-0.363096635,599.0417309,98.69077959,17
H2Rate_All,SVR_linear,BF3,{'C': 1.0},0.489948899,0.371982258,-0.292227668,284.5597878,87.90730134,1.230548448,0.736623139,-0.429073712,454.3173897,99.92831885,18
H2Rate_All,LR,BF3,{'fit_intercept': True},0.504323213,0.388016193,-0.369163713,389.7359504,85.29281824,1.500875174,0.809885279,-1.125917195,728.9170237,97.9025089,19
H2Rate_All,KNN,BF4,"{'n_neighbors': 9, 'weights': 'distance'}",0.290935251,0.201446628,0.544351279,112.3812004,48.18968556,0.70299554,0.41684268,0.533595926,151.3169318,56.79147559,1
H2Rate_All,DT,BF4,"{'criterion': 'squared_error', 'max_features': 0.7, 'min_samples_split': 4}",0.301400701,0.223709201,0.510980722,108.1935759,56.88593233,0.654002456,0.436937868,0.596339778,143.5462123,65.97239064,2
H2Rate_All,ET,BF4,"{'criterion': 'squared_error', 'max_features': 1.0, 'min_samples_split': 2, 'n_estimators': 50}",0.303677048,0.204120167,0.503566134,120.6458088,48.14204601,0.734566931,0.428568303,0.490763009,181.2765892,56.72433601,3
H2Rate_All,GB,BF4,"{'learning_rate': 0.1, 'max_depth': 2, 'n_estimators': 100}",0.304454179,0.211018693,0.501022061,165.4721517,55.78619571,0.727493702,0.423607381,0.500522795,242.0491253,64.2692574,4
H2Rate_All,RF,BF4,"{'criterion': 'squared_error', 'max_features': 0.7, 'min_samples_split': 2, 'n_estimators': 150}",0.318301896,0.228658364,0.45459902,181.3316604,60.23459017,0.766264442,0.465624289,0.445866326,268.4539432,69.47596763,5
H2Rate_All,CB,BF4,"{'depth': 3, 'iterations': 100, 'learning_rate': 0.1}",0.319174662,0.230117132,0.451604,181.1992366,60.07515585,0.745796022,0.450618524,0.475074921,254.715375,69.23219612,6
H2Rate_All,XGB,BF4,"{'learning_rate': 0.1, 'max_depth': 2, 'n_estimators': 100}",0.320733938,0.217111381,0.446232712,175.5907455,58.67839313,0.801986362,0.444903604,0.392996545,279.7948169,67.34065292,7
H2Rate_All,LGBM,BF4,"{'learning_rate': 0.1, 'max_depth': 3, 'min_child_samples': 5, 'n_estimators': 50}",0.333668117,0.249749665,0.400668804,178.211458,67.81429557,0.810939735,0.497415389,0.379367723,241.1369326,77.63844411,8
H2Rate_All,HGB,BF4,"{'learning_rate': 0.1, 'max_iter': 50, 'max_leaf_nodes': 15, 'min_samples_leaf': 5}",0.33582136,0.239965369,0.392908579,150.494223,61.50498112,0.828814204,0.494486753,0.351706649,211.4015869,71.34218125,9
H2Rate_All,SVR_rbf,BF4,"{'C': 32.0, 'gamma': 1.0}",0.351267977,0.260160882,0.335775968,194.3871743,68.65497874,0.804330781,0.497531961,0.389442495,230.1021214,78.50443779,10
H2Rate_All,AB,BF4,"{'learning_rate': 0.1, 'n_estimators': 25}",0.356009224,0.260477944,0.317724203,220.8631299,67.07333554,0.846749756,0.520206551,0.323344904,342.4157382,77.08835015,11
H2Rate_All,SVR_sigmoid,BF4,"{'C': 0.25, 'gamma': 0.25}",0.411868583,0.32051605,0.086823354,252.775446,79.14679352,1.032997389,0.622914255,-0.00706069,304.9689154,91.00761925,12
H2Rate_All,MLP,BF4,"{'activation': 'tanh', 'alpha': 0.1, 'hidden_layer_sizes': (16, 8), 'learning_rate_init': 0.001}",0.44155773,0.345628197,-0.049572511,299.7454299,82.62617798,1.048227898,0.663556681,-0.036975809,396.9299386,94.20053938,13
H2Rate_All,Lasso,BF4,"{'alpha': 0.1, 'fit_intercept': True}",0.448259297,0.361479546,-0.081673216,384.5834095,80.82524502,1.071801387,0.69138595,-0.084141143,512.523755,92.93323418,14
H2Rate_All,Elastic,BF4,"{'alpha': 0.1, 'fit_intercept': True, 'l1_ratio': 0.9}",0.45137351,0.362860851,-0.096754939,388.1052868,80.8434364,1.078548105,0.695348121,-0.097832887,522.4291831,92.95069459,15
H2Rate_All,SVR_poly,BF4,"{'C': 0.25, 'degree': 3, 'gamma': 0.03125}",0.465751164,0.359201658,-0.167737865,335.591565,82.3864972,1.119690637,0.691212307,-0.183186728,446.8671475,94.30492274,16
H2Rate_All,SVR_linear,BF4,{'C': 0.25},0.490630446,0.369123032,-0.295825296,354.7024834,83.69554566,1.239452038,0.735291329,-0.449828552,559.7067682,95.35861698,17
H2Rate_All,Ridge,BF4,"{'alpha': 10.0, 'fit_intercept': True}",0.506057862,0.3819365,-0.378598548,398.663432,83.13148847,1.468779836,0.792641065,-1.035966368,708.7400912,95.53887941,18
H2Rate_All,LR,BF4,{'fit_intercept': True},0.539411388,0.388111276,-0.566309873,409.2986775,83.40921406,2.081647627,0.881877044,-3.089513328,925.0097436,95.78755495,19
H2Rate_Acetate,SVR_rbf,BF1,"{'C': 32.0, 'gamma': 1.0}",0.346423062,0.2291748,0.421590366,173.0054153,36.5646612,0.91627703,0.549881879,0.481767736,260.2296126,45.71574136,1
H2Rate_Acetate,LGBM,BF1,"{'learning_rate': 0.05, 'max_depth': 4, 'min_child_samples': 5, 'n_estimators': 100}",0.36812999,0.271292323,0.346832866,153.7760114,43.18529384,1.067490692,0.672885739,0.296605379,217.3890841,54.98387807,2
H2Rate_Acetate,MLP,BF1,"{'activation': 'relu', 'alpha': 0.1, 'hidden_layer_sizes': (16, 8), 'learning_rate_init': 0.001}",0.370285338,0.235455647,0.339162074,141.0867041,37.91351207,0.998177142,0.562117259,0.38498446,198.9199101,47.15354583,3
H2Rate_Acetate,KNN,BF1,"{'n_neighbors': 1, 'weights': 'uniform'}",0.373585763,0.22244492,0.327329223,108.6784097,38.13827107,1.040303441,0.57875,0.331977764,163.4835729,46.78982588,4
H2Rate_Acetate,CB,BF1,"{'depth': 4, 'iterations': 100, 'learning_rate': 0.1}",0.384767697,0.26076487,0.286458669,180.0141924,39.91186886,1.030168389,0.636580554,0.344930639,280.0708471,50.36007579,5
H2Rate_Acetate,HGB,BF1,"{'learning_rate': 0.1, 'max_iter': 100, 'max_leaf_nodes': 7, 'min_samples_leaf': 5}",0.397019464,0.263649798,0.240294056,158.448071,45.71835969,0.986885991,0.593789195,0.398819595,225.6478954,54.99397733,6
H2Rate_Acetate,ET,BF1,"{'criterion': 'squared_error', 'max_features': 0.7, 'min_samples_split': 2, 'n_estimators': 150}",0.402716494,0.246032169,0.21833483,215.6325796,35.91640155,1.045085985,0.615487026,0.325821505,386.5761585,44.94745908,7
H2Rate_Acetate,RF,BF1,"{'criterion': 'squared_error', 'max_features': 0.7, 'min_samples_split': 2, 'n_estimators': 50}",0.431292337,0.296840132,0.103468795,227.4635207,41.87168664,1.179016293,0.759029314,0.141954215,405.7704152,53.51489969,8
H2Rate_Acetate,SVR_poly,BF1,"{'C': 4.0, 'degree': 2, 'gamma': 0.03125}",0.446904778,0.318967463,0.037386556,195.324952,45.13452539,1.453216062,0.858081626,-0.303560606,304.8159941,58.31948303,9
H2Rate_Acetate,XGB,BF1,"{'learning_rate': 0.05, 'max_depth': 4, 'n_estimators': 25}",0.453504114,0.333713453,0.008747285,250.5593279,47.00110704,1.221841134,0.831734204,0.078489407,456.3272049,60.34219251,10
H2Rate_Acetate,GB,BF1,"{'learning_rate': 0.05, 'max_depth': 2, 'n_estimators': 25}",0.46935878,0.365618777,-0.061773345,233.745494,52.00279112,1.286185969,0.901020035,-0.021123764,401.0133038,66.9606095,11
H2Rate_Acetate,AB,BF1,"{'learning_rate': 0.1, 'n_estimators': 25}",0.476854372,0.315801718,-0.095956873,280.6581011,43.22476246,1.284410192,0.807102927,-0.018306076,585.9473793,54.84346596,12
H2Rate_Acetate,SVR_sigmoid,BF1,"{'C': 0.25, 'gamma': 0.03125}",0.479623739,0.35290538,-0.108723535,183.4162646,52.18506608,1.367130289,0.849008423,-0.153694067,270.41564,66.28063744,13
H2Rate_Acetate,Lasso,BF1,"{'alpha': 0.1, 'fit_intercept': True}",0.490661661,0.381752815,-0.160342437,221.1051302,54.96818888,1.35396027,0.912461293,-0.131573296,356.9547064,70.30559408,14
H2Rate_Acetate,DT,BF1,"{'criterion': 'absolute_error', 'max_features': 0.7, 'min_samples_split': 10}",0.490829943,0.31473693,-0.161138496,218.8052156,45.81683751,1.361144078,0.824816837,-0.143612898,472.8977161,57.19356192,15
H2Rate_Acetate,Elastic,BF1,"{'alpha': 0.1, 'fit_intercept': True, 'l1_ratio': 0.9}",0.492173439,0.38081943,-0.167503718,224.8948672,54.5886908,1.357101249,0.913720725,-0.136829536,370.7987113,69.85554282,16
H2Rate_Acetate,Ridge,BF1,"{'alpha': 10.0, 'fit_intercept': True}",0.513068414,0.385060465,-0.268739567,230.5338145,53.96348959,1.416028516,0.944591274,-0.237698451,418.4436333,69.1353494,17
H2Rate_Acetate,LR,BF1,{'fit_intercept': True},0.535201845,0.40307861,-0.380565863,224.4492692,57.32083229,1.360171028,0.96407227,-0.141978398,397.8821148,71.97600231,18
H2Rate_Acetate,SVR_linear,BF1,{'C': 32.0},0.542269479,0.371631034,-0.417268876,198.9929428,56.29309784,1.45482827,0.922751845,-0.306454568,343.0356883,68.81895263,19
H2Rate_Acetate,SVR_rbf,BF2,"{'C': 4.0, 'gamma': 1.0}",0.369809029,0.253782072,0.340861095,177.3948487,41.2897285,0.948394972,0.588389878,0.444800157,264.6312005,51.30831105,1
H2Rate_Acetate,MLP,BF2,"{'activation': 'relu', 'alpha': 0.01, 'hidden_layer_sizes': (16,), 'learning_rate_init': 0.001}",0.386231,0.272420507,0.281021036,91.53306537,43.45627998,1.260248417,0.727571906,0.019645447,124.1929443,55.78292034,2
H2Rate_Acetate,LGBM,BF2,"{'learning_rate': 0.1, 'max_depth': 3, 'min_child_samples': 5, 'n_estimators': 100}",0.386525187,0.270154656,0.279925344,151.706487,44.637114,1.087796957,0.658463235,0.269590307,213.4463206,55.24702896,3
H2Rate_Acetate,KNN,BF2,"{'n_neighbors': 9, 'weights': 'distance'}",0.388640967,0.257088764,0.272020614,180.0460131,41.89401612,0.990095425,0.598234704,0.394903061,273.6271222,51.64783485,4
H2Rate_Acetate,CB,BF2,"{'depth': 4, 'iterations': 100, 'learning_rate': 0.1}",0.391181258,0.280302553,0.262472862,193.1777524,42.81295141,1.009577427,0.667461763,0.370855924,303.3079995,54.11130667,5
H2Rate_Acetate,ET,BF2,"{'criterion': 'squared_error', 'max_features': 0.7, 'min_samples_split': 8, 'n_estimators': 150}",0.411560915,0.272784512,0.1836241,211.315372,40.79140193,1.096194632,0.670880354,0.258269409,369.5390744,51.19125821,6
H2Rate_Acetate,HGB,BF2,"{'learning_rate': 0.1, 'max_iter': 100, 'max_leaf_nodes': 7, 'min_samples_leaf': 5}",0.416208421,0.288434144,0.165082332,163.1228811,47.88791774,1.058486653,0.662300387,0.308421281,238.2849767,58.33094527,7
H2Rate_Acetate,DT,BF2,"{'criterion': 'squared_error', 'max_features': 0.7, 'min_samples_split': 6}",0.420446715,0.287801611,0.147991646,94.12578981,42.18887201,1.232792675,0.773446015,0.061896106,151.6343682,54.76261185,8
H2Rate_Acetate,RF,BF2,"{'criterion': 'squared_error', 'max_features': 0.7, 'min_samples_split': 2, 'n_estimators': 50}",0.43217335,0.296823625,0.099802314,220.1393267,43.73470264,1.147346281,0.728189442,0.187431704,377.1123847,55.05148686,9
H2Rate_Acetate,XGB,BF2,"{'learning_rate': 0.05, 'max_depth': 4, 'n_estimators': 25}",0.452105614,0.328353719,0.01485144,250.2932086,46.2829325,1.218545654,0.819923582,0.083453594,456.0985318,59.31027511,10
H2Rate_Acetate,SVR_poly,BF2,"{'C': 1.0, 'degree': 2, 'gamma': 0.03125}",0.454292792,0.352448423,0.005296564,189.9502232,52.0506383,1.310570522,0.856103878,-0.060209372,283.4785051,66.83210473,11
H2Rate_Acetate,GB,BF2,"{'learning_rate': 0.05, 'max_depth': 4, 'n_estimators': 25}",0.457215536,0.335476986,-0.007543686,255.3843845,47.60361095,1.182143384,0.81689595,0.13739661,456.442308,60.65489777,12
H2Rate_Acetate,SVR_sigmoid,BF2,"{'C': 0.25, 'gamma': 0.03125}",0.47147426,0.353187508,-0.071366103,188.2278523,52.00202349,1.347328622,0.851654916,-0.120515634,280.2494368,66.34023831,13
H2Rate_Acetate,Lasso,BF2,"{'alpha': 0.1, 'fit_intercept': True}",0.490122398,0.381452556,-0.157793283,221.0868752,54.93414448,1.352515419,0.91181664,-0.129159515,356.9392841,70.2676104,14
H2Rate_Acetate,Elastic,BF2,"{'alpha': 0.1, 'fit_intercept': True, 'l1_ratio': 0.9}",0.490973295,0.380030677,-0.161816843,224.7886203,54.50272787,1.354129342,0.911983918,-0.131855918,370.627647,69.75444892,15
H2Rate_Acetate,AB,BF2,"{'learning_rate': 0.1, 'n_estimators': 25}",0.511384964,0.349800651,-0.2604274,288.7230268,46.01105373,1.413568603,0.915588486,-0.233401947,602.7414967,58.99532207,16
H2Rate_Acetate,Ridge,BF2,"{'alpha': 10.0, 'fit_intercept': True}",0.516554266,0.389446119,-0.286038092,240.5509592,54.28435916,1.430528237,0.957603631,-0.26317557,449.3611725,69.68422355,17
H2Rate_Acetate,SVR_linear,BF2,{'C': 0.03125},0.535843534,0.383633118,-0.38387835,231.0970605,54.45703534,1.473594314,0.929355245,-0.340376246,411.5150594,68.43175326,18
H2Rate_Acetate,LR,BF2,{'fit_intercept': True},0.57657166,0.417497311,-0.602243468,275.2811391,57.00717869,1.634380588,1.05498023,-0.648835158,639.834634,71.93546787,19
H2Rate_Acetate,SVR_poly,BF3,"{'C': 4.0, 'degree': 3, 'gamma': 0.25}",0.267209107,0.204770858,0.655868491,80.38343726,39.16794775,0.770638483,0.495474848,0.633417074,97.95744706,48.92475584,1
H2Rate_Acetate,DT,BF3,"{'criterion': 'squared_error', 'max_features': 0.7, 'min_samples_split': 6}",0.345416882,0.25087489,0.424945449,69.27094117,38.49825163,1.076689816,0.680639312,0.284430109,92.34142748,50.81375568,2
H2Rate_Acetate,MLP,BF3,"{'activation': 'tanh', 'alpha': 0.01, 'hidden_layer_sizes': (16, 8), 'learning_rate_init': 0.001}",0.362710834,0.263882589,0.365921566,156.7183013,42.19772464,0.970592606,0.626523545,0.418506579,223.8717067,53.35424346,3
H2Rate_Acetate,SVR_rbf,BF3,"{'C': 4.0, 'gamma': 1.0}",0.369433796,0.254156409,0.342198026,177.1329983,41.36740041,0.947480816,0.58903414,0.445869953,264.0894451,51.41778336,4
H2Rate_Acetate,LGBM,BF3,"{'learning_rate': 0.1, 'max_depth': 3, 'min_child_samples': 5, 'n_estimators': 100}",0.375124503,0.262114478,0.321776565,127.8362096,44.34424208,1.068182735,0.644334683,0.295693078,172.1523344,54.90340065,5
H2Rate_Acetate,KNN,BF3,"{'n_neighbors': 9, 'weights': 'distance'}",0.376710271,0.25622519,0.316030322,165.9475564,42.38837277,0.972189463,0.595779837,0.416591613,240.6830158,52.4407743,6
H2Rate_Acetate,GB,BF3,"{'learning_rate': 0.05, 'max_depth': 4, 'n_estimators': 25}",0.379837907,0.288264047,0.304625861,127.7986401,45.62653724,1.067447543,0.711982216,0.296662242,175.0101508,58.36453188,7
H2Rate_Acetate,XGB,BF3,"{'learning_rate': 0.05, 'max_depth': 4, 'n_estimators': 50}",0.382097771,0.279419535,0.296326924,120.891351,43.87876001,1.110278564,0.710446264,0.239087429,167.7103587,56.31603307,8
H2Rate_Acetate,CB,BF3,"{'depth': 4, 'iterations': 100, 'learning_rate': 0.1}",0.386648235,0.278123322,0.279466808,165.8540737,43.2166538,1.023420054,0.669976663,0.353484868,249.2449444,54.68458297,9
H2Rate_Acetate,HGB,BF3,"{'learning_rate': 0.1, 'max_iter': 100, 'max_leaf_nodes': 7, 'min_samples_leaf': 5}",0.390269356,0.269482756,0.265907429,141.9772179,44.21580386,1.062999498,0.641543437,0.302511635,199.4147333,55.23968061,10
H2Rate_Acetate,ET,BF3,"{'criterion': 'squared_error', 'max_features': 0.7, 'min_samples_split': 2, 'n_estimators': 50}",0.391309916,0.26107365,0.261987644,179.6009085,41.45460066,1.003968418,0.625010528,0.3778273,286.3185608,51.5405817,11
H2Rate_Acetate,RF,BF3,"{'criterion': 'squared_error', 'max_features': 0.7, 'min_samples_split': 2, 'n_estimators': 150}",0.414114243,0.284302891,0.173463072,185.1905611,43.35964304,1.134943617,0.699860975,0.204904269,291.6092152,54.47830047,12
H2Rate_Acetate,AB,BF3,"{'learning_rate': 0.05, 'n_estimators': 100}",0.434516015,0.31741125,0.090016532,191.7791178,46.12194459,1.209804398,0.803729797,0.096556149,295.4793998,59.01787285,13
H2Rate_Acetate,SVR_sigmoid,BF3,"{'C': 0.25, 'gamma': 0.03125}",0.461907835,0.346250355,-0.028330188,175.2723294,51.58846452,1.334896003,0.836784972,-0.099931689,251.9771028,65.84179432,14
H2Rate_Acetate,Elastic,BF3,"{'alpha': 0.1, 'fit_intercept': True, 'l1_ratio': 0.7}",0.471581937,0.36751744,-0.071855524,205.3757004,53.5534166,1.313116001,0.882188658,-0.064331793,317.4196654,68.63214994,15
H2Rate_Acetate,Lasso,BF3,"{'alpha': 0.1, 'fit_intercept': True}",0.476096279,0.374534023,-0.092474984,203.4468768,54.83607954,1.327492882,0.89261711,-0.087765426,308.9404576,70.17283932,16
H2Rate_Acetate,Ridge,BF3,"{'alpha': 10.0, 'fit_intercept': True}",0.489381552,0.375710786,-0.154295796,210.0632855,53.78302471,1.353092014,0.910663009,-0.13012247,340.1739956,69.02869498,17
H2Rate_Acetate,SVR_linear,BF3,{'C': 0.03125},0.491100218,0.359393758,-0.162417611,191.5944465,52.1708842,1.38210193,0.867540582,-0.179100966,290.6150927,66.29192859,18
H2Rate_Acetate,LR,BF3,{'fit_intercept': True},0.526337478,0.391868655,-0.335212894,231.8928555,53.78407383,1.448793602,0.973395324,-0.295638628,432.5500969,69.16815568,19
H2Rate_Acetate,KNN,BF4,"{'n_neighbors': 9, 'weights': 'distance'}",0.379513132,0.255295228,0.305814493,168.2650903,42.16523638,0.974779902,0.593522532,0.41347844,245.4349144,52.06819669,1
H2Rate_Acetate,MLP,BF4,"{'activation': 'relu', 'alpha': 0.1, 'hidden_layer_sizes': (16,), 'learning_rate_init': 0.001}",0.384970677,0.267106595,0.28570563,138.1206223,41.37857951,1.002903432,0.639270845,0.379146572,210.7945315,52.51755443,2
H2Rate_Acetate,SVR_poly,BF4,"{'C': 1.0, 'degree': 3, 'gamma': 0.25}",0.390077805,0.275200827,0.266627861,128.6859228,43.15166021,1.14941614,0.700260294,0.184497248,182.2164026,54.97692219,3
H2Rate_Acetate,SVR_rbf,BF4,"{'C': 1.0, 'gamma': 1.0}",0.39101598,0.267407709,0.263095956,195.3958309,42.36567534,0.973509091,0.616319547,0.415006728,302.9175304,52.53337338,4
H2Rate_Acetate,CB,BF4,"{'depth': 4, 'iterations': 100, 'learning_rate': 0.1}",0.40227601,0.279008067,0.220043838,188.8467446,43.2617404,1.020450059,0.652826028,0.357231836,299.8962661,54.02844009,5
H2Rate_Acetate,ET,BF4,"{'criterion': 'squared_error', 'max_features': 0.7, 'min_samples_split': 2, 'n_estimators': 50}",0.40373613,0.262216668,0.21437163,199.8660044,41.70502317,1.006472664,0.61670422,0.374719598,330.2285561,51.23151742,6
H2Rate_Acetate,XGB,BF4,"{'learning_rate': 0.05, 'max_depth': 4, 'n_estimators': 100}",0.405086222,0.282470785,0.209108567,138.4153882,47.69681865,1.064845046,0.67341796,0.300087615,192.5023914,58.57910232,7
H2Rate_Acetate,GB,BF4,"{'learning_rate': 0.05, 'max_depth': 4, 'n_estimators': 25}",0.419404126,0.286241358,0.152211887,145.3193292,44.32745761,1.112893102,0.697683295,0.235499543,213.680203,55.39186598,8
H2Rate_Acetate,AB,BF4,"{'learning_rate': 0.1, 'n_estimators': 100}",0.427525873,0.304036456,0.119059183,214.0784562,46.91696167,1.10352613,0.733843011,0.248314642,347.3043443,58.42486194,9
H2Rate_Acetate,RF,BF4,"{'criterion': 'squared_error', 'max_features': 0.7, 'min_samples_split': 2, 'n_estimators': 50}",0.429532677,0.293471747,0.110769513,200.1898058,44.43628167,1.151512124,0.716988649,0.181520364,326.1336736,55.44709532,10
H2Rate_Acetate,LGBM,BF4,"{'learning_rate': 0.05, 'max_depth': 3, 'min_child_samples': 5, 'n_estimators': 25}",0.437833843,0.319497043,0.07606678,183.3357095,46.71609241,1.273178346,0.78757618,-0.000574281,273.117585,59.89717766,11
H2Rate_Acetate,DT,BF4,"{'criterion': 'squared_error', 'max_features': 1.0, 'min_samples_split': 8}",0.450224691,0.304140033,0.02303154,146.7489378,48.03502638,1.258389296,0.779680081,0.022535757,231.1008964,59.64268563,12
H2Rate_Acetate,HGB,BF4,"{'learning_rate': 0.05, 'max_iter': 50, 'max_leaf_nodes': 7, 'min_samples_leaf': 10}",0.455216678,0.363483671,0.00124663,176.4664132,53.85471802,1.290599861,0.876989735,-0.02814431,254.8366743,69.25324641,13
H2Rate_Acetate,SVR_sigmoid,BF4,"{'C': 0.25, 'gamma': 0.03125}",0.456425069,0.339096632,-0.004062869,169.7504547,50.79903433,1.327448695,0.822344656,-0.087693011,241.4132142,64.79735089,14
H2Rate_Acetate,Ridge,BF4,"{'alpha': 10.0, 'fit_intercept': True}",0.468630673,0.365305476,-0.058481687,198.70893,53.08611935,1.303942566,0.883844464,-0.049512883,307.8939572,68.24299466,15
H2Rate_Acetate,Elastic,BF4,"{'alpha': 0.1, 'fit_intercept': True, 'l1_ratio': 0.7}",0.471581937,0.36751744,-0.071855524,205.3757004,53.5534166,1.313116001,0.882188658,-0.064331793,317.4196654,68.63214994,16
H2Rate_Acetate,Lasso,BF4,"{'alpha': 0.1, 'fit_intercept': True}",0.476096279,0.374534023,-0.092474984,203.4468768,54.83607954,1.327492882,0.89261711,-0.087765426,308.9404576,70.17283932,17
H2Rate_Acetate,SVR_linear,BF4,{'C': 0.03125},0.478239384,0.346489375,-0.10233248,186.08917,50.14473631,1.363795257,0.844586141,-0.148072197,279.5364447,63.92312746,18
H2Rate_Acetate,LR,BF4,{'fit_intercept': True},0.488006096,0.373761614,-0.147816388,210.0773225,52.77873181,1.335863352,0.916051815,-0.101526424,348.7155497,67.99490951,19
H2Rate_Complex,GB,BF1,"{'learning_rate': 0.05, 'max_depth': 3, 'n_estimators': 50}",0.230327681,0.166248035,0.387266213,135.6226023,68.99069909,0.416122935,0.260794033,0.273134346,150.8573412,75.73345448,1
H2Rate_Complex,SVR_rbf,BF1,"{'C': 4.0, 'gamma': 0.25}",0.234704681,0.162561849,0.363756937,150.2881585,64.88400624,0.420822652,0.25248639,0.256623103,168.6758387,71.17141397,2
H2Rate_Complex,ET,BF1,"{'criterion': 'squared_error', 'max_features': 1.0, 'min_samples_split': 2, 'n_estimators': 100}",0.23734091,0.154792249,0.349383965,82.15792892,54.32244227,0.423513876,0.246371226,0.247084688,94.26481799,60.5647835,3
H2Rate_Complex,CB,BF1,"{'depth': 4, 'iterations': 100, 'learning_rate': 0.1}",0.237993921,0.171153821,0.345798878,127.2135926,65.90929412,0.423386987,0.267230505,0.247535783,144.2683623,72.8552301,4
H2Rate_Complex,XGB,BF1,"{'learning_rate': 0.05, 'max_depth': 3, 'n_estimators': 100}",0.23858491,0.16940975,0.342545804,113.2459348,66.70013517,0.426324332,0.266581448,0.237058776,126.9456876,73.55602507,5
H2Rate_Complex,DT,BF1,"{'criterion': 'squared_error', 'max_features': 1.0, 'min_samples_split': 2}",0.242340968,0.151279857,0.321682172,57.5682028,46.32947416,0.44435816,0.253739405,0.171147672,68.66935079,52.37389942,6
H2Rate_Complex,RF,BF1,"{'criterion': 'squared_error', 'max_features': 0.7, 'min_samples_split': 2, 'n_estimators': 150}",0.250488136,0.185525544,0.275307311,158.9190064,72.88949145,0.440923311,0.287011187,0.183912059,179.4332609,80.15684142,7
H2Rate_Complex,MLP,BF1,"{'activation': 'tanh', 'alpha': 0.1, 'hidden_layer_sizes': (16, 8), 'learning_rate_init': 0.001}",0.250571769,0.200347574,0.27482331,185.4143063,71.67694346,0.437687921,0.313254697,0.195844633,215.9466062,79.80008094,8
H2Rate_Complex,SVR_linear,BF1,{'C': 32.0},0.250758314,0.180858486,0.273743157,128.990098,70.90190859,0.441785508,0.281994288,0.180717323,145.6665498,78.05672553,9
H2Rate_Complex,Lasso,BF1,"{'alpha': 0.001, 'fit_intercept': True}",0.259271095,0.203236358,0.223596006,144.4690624,74.30611003,0.452174387,0.31807031,0.141732319,165.1101773,82.63447079,10
H2Rate_Complex,Ridge,BF1,"{'alpha': 0.01, 'fit_intercept': True}",0.259389016,0.200176467,0.222889602,132.7858157,73.53078007,0.452257178,0.314897001,0.141418002,152.5948515,81.76065613,11
H2Rate_Complex,LR,BF1,{'fit_intercept': True},0.259391286,0.199311282,0.222876001,129.7272943,73.11869296,0.452187584,0.313961349,0.141682222,149.368082,81.31700188,12
H2Rate_Complex,SVR_poly,BF1,"{'C': 0.25, 'degree': 2, 'gamma': 0.25}",0.260543912,0.193443066,0.21595423,167.1517343,81.09394599,0.456304928,0.296178404,0.125980423,187.837007,88.41001784,13
H2Rate_Complex,KNN,BF1,"{'n_neighbors': 4, 'weights': 'distance'}",0.26056528,0.163667145,0.215825622,139.2817695,58.79042563,0.457235119,0.259311738,0.122413365,164.226456,64.62880143,14
H2Rate_Complex,AB,BF1,"{'learning_rate': 0.1, 'n_estimators': 25}",0.263973492,0.204474163,0.195177346,134.4452295,70.80683644,0.454555108,0.319515819,0.132670882,156.8697249,78.97653825,15
H2Rate_Complex,Elastic,BF1,"{'alpha': 0.01, 'fit_intercept': True, 'l1_ratio': 0.4}",0.27236322,0.22722835,0.143205884,231.7135793,83.28221511,0.467668306,0.344848615,0.081906911,265.8294417,91.99820772,16
H2Rate_Complex,HGB,BF1,"{'learning_rate': 0.1, 'max_iter': 100, 'max_leaf_nodes': 7, 'min_samples_leaf': 5}",0.280350325,0.2167925,0.092217755,195.5242688,79.5177038,0.468346408,0.329536531,0.079242578,229.4702845,87.06973199,17
H2Rate_Complex,LGBM,BF1,"{'learning_rate': 0.05, 'max_depth': 2, 'min_child_samples': 10, 'n_estimators': 25}",0.287746728,0.242457763,0.043686376,277.0122676,89.67215581,0.482496523,0.363282986,0.022764538,322.1185993,98.32335048,18
H2Rate_Complex,SVR_sigmoid,BF1,"{'C': 4.0, 'gamma': 0.03125}",0.304353344,0.217982541,-0.069881581,187.7759812,84.75202756,0.517657017,0.329410759,-0.124851139,207.4210828,91.98736774,19
H2Rate_Complex,GB,BF2,"{'learning_rate': 0.05, 'max_depth': 3, 'n_estimators': 50}",0.230307117,0.166173644,0.387375622,135.0253493,68.95538062,0.416122039,0.260724001,0.273137478,150.1970187,75.69895948,1
H2Rate_Complex,SVR_rbf,BF2,"{'C': 4.0, 'gamma': 0.25}",0.2347237,0.162524936,0.363653817,150.1624243,64.86674436,0.420860236,0.252439864,0.256490317,168.5522865,71.15244777,2
H2Rate_Complex,CB,BF2,"{'depth': 4, 'iterations': 100, 'learning_rate': 0.1}",0.235736562,0.170685298,0.358150147,124.5637779,65.58269374,0.420409309,0.266247222,0.258082716,141.0237653,72.58814551,3
H2Rate_Complex,ET,BF2,"{'criterion': 'squared_error', 'max_features': 1.0, 'min_samples_split': 2, 'n_estimators': 100}",0.237169128,0.154348716,0.350325426,82.23773821,53.49359469,0.42275454,0.245971306,0.249782135,94.44800074,59.68416114,4
H2Rate_Complex,XGB,BF2,"{'learning_rate': 0.05, 'max_depth': 3, 'n_estimators': 100}",0.23858491,0.16940975,0.342545804,113.2459348,66.70013517,0.426324332,0.266581448,0.237058776,126.9456876,73.55602507,5
H2Rate_Complex,DT,BF2,"{'criterion': 'squared_error', 'max_features': 1.0, 'min_samples_split': 2}",0.238712586,0.147118841,0.341841958,58.29129569,46.37840045,0.43730044,0.245489405,0.197267827,69.17942405,52.18958105,6
H2Rate_Complex,RF,BF2,"{'criterion': 'squared_error', 'max_features': 0.7, 'min_samples_split': 2, 'n_estimators': 150}",0.249771118,0.185646898,0.279450217,152.3289211,72.85763378,0.440514706,0.287933087,0.1854239,171.9954642,80.22917268,7
H2Rate_Complex,SVR_linear,BF2,{'C': 32.0},0.250503683,0.180630822,0.275217353,128.8214234,70.81652129,0.441461592,0.28162462,0.181918276,145.4396263,77.96519329,8
H2Rate_Complex,Lasso,BF2,"{'alpha': 0.001, 'fit_intercept': True}",0.259304648,0.203422417,0.223395038,145.1618997,74.32989407,0.452236785,0.318268222,0.141495429,165.8588868,82.66315446,9
H2Rate_Complex,Ridge,BF2,"{'alpha': 0.001, 'fit_intercept': True}",0.259388914,0.199434223,0.222890211,130.1648516,73.17442269,0.452195587,0.314093817,0.141651839,149.8284276,81.37731157,10
H2Rate_Complex,LR,BF2,{'fit_intercept': True},0.259391286,0.199311282,0.222876001,129.7272943,73.11869296,0.452187584,0.313961349,0.141682222,149.368082,81.31700188,11
H2Rate_Complex,KNN,BF2,"{'n_neighbors': 4, 'weights': 'distance'}",0.260933948,0.164765174,0.213605032,142.3123184,59.42159803,0.457493985,0.260555261,0.121419383,167.5917546,65.28352058,12
H2Rate_Complex,AB,BF2,"{'learning_rate': 0.1, 'n_estimators': 25}",0.262397732,0.205519341,0.204757267,145.9390297,70.4833654,0.451448464,0.320481587,0.144485842,169.8346008,78.67525182,13
H2Rate_Complex,SVR_poly,BF2,"{'C': 0.25, 'degree': 2, 'gamma': 0.25}",0.263383352,0.197188278,0.198771853,173.0934244,82.76516512,0.459250064,0.300974411,0.114661617,194.7444055,90.15262594,14
H2Rate_Complex,MLP,BF2,"{'activation': 'relu', 'alpha': 0.1, 'hidden_layer_sizes': (16, 8), 'learning_rate_init': 0.001}",0.274827729,0.226172701,0.127630133,204.4490355,87.68740961,0.470134616,0.345599986,0.072198008,231.4798666,96.31060168,15
H2Rate_Complex,Elastic,BF2,"{'alpha': 0.01, 'fit_intercept': True, 'l1_ratio': 0.4}",0.276379388,0.2314029,0.11775164,245.6395017,84.8942114,0.472476262,0.349855655,0.062932601,282.9146355,93.64388734,16
H2Rate_Complex,HGB,BF2,"{'learning_rate': 0.1, 'max_iter': 100, 'max_leaf_nodes': 7, 'min_samples_leaf': 5}",0.280350325,0.2167925,0.092217755,195.5242688,79.5177038,0.468346408,0.329536531,0.079242578,229.4702845,87.06973199,17
H2Rate_Complex,LGBM,BF2,"{'learning_rate': 0.05, 'max_depth': 2, 'min_child_samples': 10, 'n_estimators': 25}",0.287746728,0.242457763,0.043686376,277.0122676,89.67215581,0.482496523,0.363282986,0.022764538,322.1185993,98.32335048,18
H2Rate_Complex,SVR_sigmoid,BF2,"{'C': 0.25, 'gamma': 0.03125}",0.3168488,0.239420575,-0.159534543,245.7942521,91.04496774,0.530178408,0.355758979,-0.17992639,278.5484027,98.6911521,19
H2Rate_Complex,KNN,BF3,"{'n_neighbors': 1, 'weights': 'uniform'}",0.212902225,0.122826232,0.476471947,47.92436138,40.50647572,0.410855814,0.21075,0.291418653,54.9663075,45.78113456,1
H2Rate_Complex,ET,BF3,"{'criterion': 'absolute_error', 'max_features': 0.7, 'min_samples_split': 2, 'n_estimators': 150}",0.214470466,0.12635814,0.468730911,54.44484433,42.01594202,0.413990377,0.215799401,0.280565378,61.67152859,47.4662251,2
H2Rate_Complex,SVR_rbf,BF3,"{'C': 32.0, 'gamma': 1.0}",0.218029056,0.152414141,0.45095454,128.0201219,70.88283083,0.401683897,0.238782638,0.322702167,139.9982269,77.07172033,3
H2Rate_Complex,CB,BF3,"{'depth': 3, 'iterations': 100, 'learning_rate': 0.1}",0.221053759,0.155008889,0.435615124,95.50616345,57.49229469,0.404697931,0.247622532,0.312499829,108.5967277,64.14528002,4
H2Rate_Complex,GB,BF3,"{'learning_rate': 0.1, 'max_depth': 3, 'n_estimators': 100}",0.221063496,0.140281999,0.435565406,66.99528196,46.36038445,0.413348361,0.233582655,0.282795047,78.20183516,52.26622802,5
H2Rate_Complex,DT,BF3,"{'criterion': 'squared_error', 'max_features': 0.7, 'min_samples_split': 2}",0.223483273,0.140270091,0.423141092,65.87251176,45.31237834,0.42377234,0.237676618,0.246165422,79.27725391,51.31646326,6
H2Rate_Complex,XGB,BF3,"{'learning_rate': 0.1, 'max_depth': 3, 'n_estimators': 100}",0.226685135,0.143738398,0.406493282,74.16793629,48.65218611,0.415944734,0.236712613,0.27375676,86.10761133,54.52144482,7
H2Rate_Complex,RF,BF3,"{'criterion': 'squared_error', 'max_features': 0.7, 'min_samples_split': 2, 'n_estimators': 150}",0.228013684,0.169215794,0.399516085,129.2929267,67.53716677,0.410873528,0.267130606,0.291357551,145.1575981,74.63120257,8
H2Rate_Complex,SVR_linear,BF3,{'C': 32.0},0.244252697,0.18464329,0.310938012,134.942528,71.74731192,0.4285621,0.289148686,0.229028428,152.0921678,79.31164305,9
H2Rate_Complex,AB,BF3,"{'learning_rate': 0.1, 'n_estimators': 25}",0.249903315,0.183146118,0.278687281,94.86429025,59.43675042,0.441130357,0.292380059,0.183145449,112.6504322,67.14498157,10
H2Rate_Complex,SVR_poly,BF3,"{'C': 4.0, 'degree': 3, 'gamma': 0.25}",0.252454126,0.18723071,0.263886977,161.9460897,74.80169656,0.447889205,0.288374536,0.15792256,181.235591,82.17134155,11
H2Rate_Complex,Ridge,BF3,"{'alpha': 0.01, 'fit_intercept': True}",0.253081697,0.196192118,0.260222647,130.2742364,70.64591576,0.44193968,0.309054698,0.180145404,149.429042,78.81142136,12
H2Rate_Complex,LR,BF3,{'fit_intercept': True},0.253118846,0.195183746,0.260005451,126.41894,70.04096357,0.44182784,0.308029064,0.180560308,145.3459352,78.17280133,13
H2Rate_Complex,Lasso,BF3,"{'alpha': 0.001, 'fit_intercept': True}",0.253343461,0.199112684,0.258691543,141.0927528,72.14532783,0.442605282,0.312035664,0.177673993,161.0620965,80.39373258,14
H2Rate_Complex,HGB,BF3,"{'learning_rate': 0.1, 'max_iter': 100, 'max_leaf_nodes': 7, 'min_samples_leaf': 5}",0.268241013,0.203913708,0.168944711,143.1842379,80.86110451,0.453760488,0.312573418,0.135700634,162.5943562,88.40845018,15
H2Rate_Complex,MLP,BF3,"{'activation': 'tanh', 'alpha': 0.1, 'hidden_layer_sizes': (16, 8), 'learning_rate_init': 0.001}",0.268920596,0.219440992,0.164728454,216.5826307,87.77211667,0.459462405,0.331724481,0.113842732,249.1878911,95.62138867,16
H2Rate_Complex,Elastic,BF3,"{'alpha': 0.01, 'fit_intercept': True, 'l1_ratio': 0.4}",0.269048592,0.224107675,0.163933147,234.1695629,83.23623206,0.46302507,0.339638337,0.100046949,268.2416666,91.81710151,17
H2Rate_Complex,LGBM,BF3,"{'learning_rate': 0.1, 'max_depth': 4, 'min_child_samples': 5, 'n_estimators': 100}",0.277694982,0.211396115,0.10933247,156.0777073,81.37357369,0.466652753,0.32300042,0.085889902,177.5373758,89.00358369,18
H2Rate_Complex,SVR_sigmoid,BF3,"{'C': 4.0, 'gamma': 0.03125}",0.306656416,0.227203898,-0.086134645,209.0091246,87.88162074,0.51997274,0.340804883,-0.134937623,232.4613511,95.51864686,19
H2Rate_Complex,ET,BF4,"{'criterion': 'absolute_error', 'max_features': 0.7, 'min_samples_split': 2, 'n_estimators': 50}",0.214272154,0.127669067,0.469712941,57.51110707,41.60162525,0.413167649,0.217727252,0.28342202,65.92907597,47.11534686,1
H2Rate_Complex,GB,BF4,"{'learning_rate': 0.1, 'max_depth': 3, 'n_estimators': 100}",0.221081088,0.14039712,0.435475569,67.16848534,47.04621579,0.413359483,0.233695826,0.28275645,78.36011916,52.95328382,2
H2Rate_Complex,CB,BF4,"{'depth': 4, 'iterations': 100, 'learning_rate': 0.1}",0.223603272,0.156095942,0.422521442,93.78678754,56.3666898,0.408035617,0.249740962,0.301112958,107.2177372,63.04572798,3
H2Rate_Complex,DT,BF4,"{'criterion': 'squared_error', 'max_features': 1.0, 'min_samples_split': 2}",0.224730947,0.136741598,0.416682077,54.96468895,44.75627636,0.419606759,0.229642249,0.260912612,63.95321126,50.21840399,4
H2Rate_Complex,SVR_rbf,BF4,"{'C': 32.0, 'gamma': 0.25}",0.225565307,0.153001297,0.412342659,145.726663,72.86468937,0.410641109,0.238448275,0.292159041,161.4865592,78.69784663,5
H2Rate_Complex,XGB,BF4,"{'learning_rate': 0.1, 'max_depth': 3, 'n_estimators': 100}",0.226685135,0.143738398,0.406493282,74.16793629,48.65218611,0.415944734,0.236712613,0.27375676,86.10761133,54.52144482,6
H2Rate_Complex,KNN,BF4,"{'n_neighbors': 1, 'weights': 'uniform'}",0.230106852,0.13478092,0.388440579,59.69917504,44.41882611,0.427562861,0.2265,0.232619445,70.60884908,49.7097164,7
H2Rate_Complex,RF,BF4,"{'criterion': 'absolute_error', 'max_features': 1.0, 'min_samples_split': 2, 'n_estimators': 150}",0.233098203,0.163233704,0.37243689,129.4275816,67.4192808,0.418091141,0.255909676,0.266242132,143.4052922,73.96964151,8
H2Rate_Complex,AB,BF4,"{'learning_rate': 0.1, 'n_estimators': 25}",0.252735538,0.186936211,0.26224496,102.959295,60.17038364,0.44265276,0.297689404,0.177497563,122.9870213,67.93277843,9
H2Rate_Complex,HGB,BF4,"{'learning_rate': 0.1, 'max_iter': 100, 'max_leaf_nodes': 7, 'min_samples_leaf': 5}",0.268241013,0.203913708,0.168944711,143.1842379,80.86110451,0.453760488,0.312573418,0.135700634,162.5943562,88.40845018,10
H2Rate_Complex,MLP,BF4,"{'activation': 'relu', 'alpha': 0.01, 'hidden_layer_sizes': (16,), 'learning_rate_init': 0.001}",0.271302175,0.20619178,0.149868501,212.7884286,74.47293958,0.470106856,0.316053732,0.072307573,246.3151813,82.03840424,11
H2Rate_Complex,LGBM,BF4,"{'learning_rate': 0.1, 'max_depth': 4, 'min_child_samples': 5, 'n_estimators': 100}",0.277694982,0.211396115,0.10933247,156.0777073,81.37357369,0.466652753,0.32300042,0.085889902,177.5373758,89.00358369,12
H2Rate_Complex,SVR_poly,BF4,"{'C': 1.0, 'degree': 3, 'gamma': 0.25}",0.277999615,0.198984664,0.10737726,163.5735037,80.94132787,0.483648402,0.301764743,0.018093001,179.8598889,88.19655133,13
H2Rate_Complex,Elastic,BF4,"{'alpha': 0.1, 'fit_intercept': True, 'l1_ratio': 0.4}",0.296515087,0.243415702,-0.015484147,321.307821,88.98071333,0.496250123,0.361699996,-0.033741846,376.4459121,97.15108123,14
H2Rate_Complex,Lasso,BF4,"{'alpha': 0.01, 'fit_intercept': True}",0.298733785,0.240842378,-0.030737887,309.9203503,85.760124,0.499287558,0.3603298,-0.046435175,367.2302794,93.89000382,15
H2Rate_Complex,Ridge,BF4,"{'alpha': 10.0, 'fit_intercept': True}",0.304431526,0.246798534,-0.070431315,320.6898918,87.63318906,0.506416575,0.368323159,-0.076531306,381.3509586,95.86029521,16
H2Rate_Complex,LR,BF4,{'fit_intercept': True},0.307776567,0.247354755,-0.094083982,317.4609318,82.98598814,0.510148739,0.370560789,-0.092457314,380.9189242,91.14895959,17
H2Rate_Complex,SVR_sigmoid,BF4,"{'C': 0.25, 'gamma': 0.25}",0.3117094,0.235889772,-0.122223493,214.8478649,95.97103869,0.521704317,0.348404335,-0.142509189,238.5212586,103.1897989,18
H2Rate_Complex,SVR_linear,BF4,{'C': 0.03125},0.321006281,0.242191485,-0.190163471,244.5839404,92.02344779,0.53456638,0.359271298,-0.199538313,277.0830198,99.53734127,19
