dataset,mf_level,model,params,LOOCV_RMSE_log1p,LOOCV_MAE_log1p,LOOCV_R2_log1p,LOOCV_MAPE_log1p,LOOCV_SMAPE_log1p,LOOCV_RMSE_orig,LOOCV_MAE_orig,LOOCV_R2_orig,LOOCV_MAPE_orig,LOOCV_SMAPE_orig
CurrentDensity_Acetate,MF1,SVR_sigmoid,"{'C': 1.0, 'gamma': 0.03125}",0.651632772,0.398113426,0.523054509,10.48639203,9.351252401,88.34822283,49.42993384,0.456650036,63.85354655,35.86361917
CurrentDensity_Acetate,MF2,SVR_sigmoid,"{'C': 4.0, 'gamma': 0.03125}",0.534923376,0.34275564,0.678599857,8.194023658,7.91666715,85.96014638,48.28946572,0.485626839,37.09520162,32.11350122
CurrentDensity_Acetate,MF3,SVR_sigmoid,"{'C': 4.0, 'gamma': 0.03125}",0.538398711,0.456164498,0.674410092,9.856674235,9.72861396,105.5322978,72.97166136,0.224726756,50.02072455,44.40538074
CurrentDensity_Acetate,MF4,SVR_sigmoid,"{'C': 0.25, 'gamma': 0.03125}",0.651027514,0.42748936,0.523940103,10.63533429,9.883211599,97.55324477,57.07510084,0.337528125,55.48430968,39.05619399
CurrentDensity_Acetate,MF5,SVR_sigmoid,"{'C': 0.25, 'gamma': 0.03125}",0.656465638,0.430300438,0.515953697,10.57974296,9.880532143,98.998258,58.49775965,0.317756963,55.11382353,39.20953201
CurrentDensity_Acetate,MF6,DT,"{'criterion': 'squared_error', 'max_features': 0.7, 'min_samples_split': 4}",0.596668151,0.375716556,0.600120975,9.984613002,9.143581838,75.95874677,45.76456426,0.598357568,57.82694626,34.71946199
CurrentDensity_All,MF1,KNN,"{'n_neighbors': 5, 'weights': 'distance'}",0.450454131,0.319910013,0.748884759,7.896277332,7.610307785,67.70682364,37.39223329,0.496569935,36.46171914,31.20458435
CurrentDensity_All,MF2,KNN,"{'n_neighbors': 2, 'weights': 'distance'}",0.421387911,0.302398105,0.780246364,7.718449913,7.538528664,57.61572136,31.47104797,0.635450695,32.9368203,29.78354664
CurrentDensity_All,MF3,SVR_linear,{'C': 32.0},0.415533559,0.314201496,0.786310033,7.598563243,7.504708561,76.08586142,38.79890919,0.364256115,33.7086139,31.01156566
CurrentDensity_All,MF4,SVR_linear,{'C': 4.0},0.390495545,0.291999571,0.811286012,7.027201994,6.94417978,72.89104116,36.47988783,0.416524567,31.14152129,28.9124688
CurrentDensity_All,MF5,SVR_linear,{'C': 1.0},0.418477767,0.3164576,0.783271161,7.893654628,7.654615387,71.91076536,37.58745791,0.432112787,35.42219488,31.23388111
CurrentDensity_All,MF6,SVR_linear,{'C': 0.25},0.458970035,0.349446907,0.739300265,8.553732108,8.321639474,72.29702973,41.32324705,0.425995658,38.61878206,34.26849763
CurrentDensity_Complex,MF1,KNN,"{'n_neighbors': 9, 'weights': 'uniform'}",0.451156193,0.341492315,0.681624531,8.765617401,8.433384079,38.05118222,27.44057529,0.489215479,40.57062424,33.61754825
CurrentDensity_Complex,MF2,HGB,"{'learning_rate': 0.1, 'max_iter': 100, 'max_leaf_nodes': 7, 'min_samples_leaf': 10}",0.419192007,0.324956219,0.725139876,8.427921242,8.120779001,34.71139459,25.1592128,0.574944594,38.81180979,32.19439011
CurrentDensity_Complex,MF3,HGB,"{'learning_rate': 0.1, 'max_iter': 100, 'max_leaf_nodes': 7, 'min_samples_leaf': 10}",0.448928127,0.338028861,0.684761404,8.719848328,8.424513191,37.83177668,26.35150783,0.495088929,40.38462157,33.27167044
CurrentDensity_Complex,MF4,HGB,"{'learning_rate': 0.1, 'max_iter': 100, 'max_leaf_nodes': 7, 'min_samples_leaf': 10}",0.469366921,0.345729576,0.65540362,8.909060529,8.634688413,38.83620441,26.79919011,0.467922401,41.73560874,33.79165666
CurrentDensity_Complex,MF5,LGBM,"{'learning_rate': 0.1, 'max_depth': 2, 'min_child_samples': 10, 'n_estimators': 100}",0.474092417,0.359481745,0.648430031,9.114248375,8.853402502,40.50094957,29.1778904,0.421328851,42.58355578,35.18345979
CurrentDensity_Complex,MF6,LGBM,"{'learning_rate': 0.1, 'max_depth': 2, 'min_child_samples': 10, 'n_estimators': 100}",0.474489133,0.360143578,0.647841405,9.119151036,8.851096778,40.84414793,29.50353291,0.411480172,42.84179937,35.24800927
H2Rate_Acetate,MF1,AB,"{'learning_rate': 0.05, 'n_estimators': 100}",0.272104303,0.203201881,0.643144211,68.26306662,36.40159405,0.798351349,0.508815977,0.606577698,85.06618159,46.4867316
H2Rate_Acetate,MF2,SVR_linear,{'C': 1.0},0.264144259,0.185912408,0.663717492,65.85800357,36.24203997,0.863513249,0.50031839,0.539734038,72.63291196,45.19065777
H2Rate_Acetate,MF3,SVR_linear,{'C': 0.25},0.289485519,0.203090174,0.596098363,77.95322193,34.46119768,0.88383166,0.525882176,0.517819151,83.29832155,44.0029432
H2Rate_Acetate,MF4,HGB,"{'learning_rate': 0.1, 'max_iter': 100, 'max_leaf_nodes': 7, 'min_samples_leaf': 5}",0.288822792,0.192544459,0.59794557,105.5409209,33.81055612,0.775545651,0.468538891,0.628733655,139.5947734,42.39587082
H2Rate_Acetate,MF5,HGB,"{'learning_rate': 0.1, 'max_iter': 100, 'max_leaf_nodes': 7, 'min_samples_leaf': 10}",0.272879565,0.199838351,0.641107853,104.1413677,33.56503682,0.806100777,0.505792669,0.598902895,149.2814002,43.05673918
H2Rate_Acetate,MF6,HGB,"{'learning_rate': 0.1, 'max_iter': 100, 'max_leaf_nodes': 7, 'min_samples_leaf': 10}",0.27864876,0.20441022,0.625772105,97.15901707,33.00117064,0.816211395,0.520823356,0.588778175,143.8858885,42.79252922
H2Rate_All,MF1,KNN,"{'n_neighbors': 3, 'weights': 'distance'}",0.274432571,0.175292267,0.594576636,146.7627118,46.55727268,0.69206757,0.370214325,0.547983598,190.5045725,53.4790166
H2Rate_All,MF2,KNN,"{'n_neighbors': 1, 'weights': 'uniform'}",0.257232985,0.150448519,0.643802573,116.4291315,38.15019765,0.617629878,0.330277778,0.639990641,174.2036468,44.39933875
H2Rate_All,MF3,ET,"{'criterion': 'squared_error', 'max_features': 1.0, 'min_samples_split': 10, 'n_estimators': 50}",0.260709605,0.174653188,0.634109169,121.6638308,45.56683858,0.667340947,0.371071572,0.579706433,160.0167781,53.04802075
H2Rate_All,MF4,KNN,"{'n_neighbors': 1, 'weights': 'uniform'}",0.248667448,0.145240277,0.667129477,105.9763275,35.61968297,0.589976459,0.314722222,0.671506665,150.0946042,41.44187714
H2Rate_All,MF5,KNN,"{'n_neighbors': 1, 'weights': 'uniform'}",0.269868732,0.159843187,0.607948968,132.050032,39.78112078,0.620501589,0.336111111,0.636635084,186.3659321,45.76534245
H2Rate_All,MF6,SVR_rbf,"{'C': 4.0, 'gamma': 0.03125}",0.26085002,0.191422169,0.633714935,137.0064499,56.0283735,0.656984902,0.393691993,0.592649762,165.5085764,64.03068275
H2Rate_Complex,MF1,ET,"{'criterion': 'squared_error', 'max_features': 0.7, 'min_samples_split': 2, 'n_estimators': 50}",0.173825453,0.100717225,0.651015371,57.32299616,35.48226705,0.324486702,0.167055565,0.558017933,67.28113907,39.81974518
H2Rate_Complex,MF2,GB,"{'learning_rate': 0.05, 'max_depth': 4, 'n_estimators': 100}",0.168307969,0.098266332,0.672818369,46.63851668,36.77802419,0.325534788,0.169299185,0.555158135,53.3221944,41.27321338
H2Rate_Complex,MF3,CB,"{'depth': 4, 'iterations': 100, 'learning_rate': 0.1}",0.184801454,0.116091559,0.605551486,70.09349097,46.23698885,0.342825857,0.190665728,0.506646762,80.49670585,51.28151476
H2Rate_Complex,MF4,AB,"{'learning_rate': 0.05, 'n_estimators': 50}",0.161163324,0.095144251,0.700006402,51.12709162,39.57533583,0.304483701,0.156475671,0.610830372,57.11701737,43.78139418
H2Rate_Complex,MF5,DT,"{'criterion': 'squared_error', 'max_features': 0.7, 'min_samples_split': 4}",0.17934748,0.118091393,0.628490339,47.2565543,42.63324168,0.339392456,0.203501904,0.516479146,53.95353761,48.15853129
H2Rate_Complex,MF6,ET,"{'criterion': 'absolute_error', 'max_features': 0.7, 'min_samples_split': 8, 'n_estimators': 100}",0.193274352,0.116129478,0.568552447,64.74767864,41.36860092,0.359257196,0.190694859,0.458221466,74.82978332,46.30588695
