dataset,bf_set,model,params,LOOCV_RMSE_log1p,LOOCV_MAE_log1p,LOOCV_R2_log1p,LOOCV_MAPE_log1p,LOOCV_SMAPE_log1p,LOOCV_RMSE_orig,LOOCV_MAE_orig,LOOCV_R2_orig,LOOCV_MAPE_orig,LOOCV_SMAPE_orig
CurrentDensity_Acetate,BF1,CB,"{'depth': 4, 'iterations': 100, 'learning_rate': 0.1}",0.6752363881122879,0.4064858344568401,0.4878766379976318,10.792714190704212,9.53180725312409,87.62426730655929,50.22017432357522,0.4655183421582864,69.44608040221773,36.30597375449779
CurrentDensity_Acetate,BF2,CB,"{'depth': 4, 'iterations': 100, 'learning_rate': 0.1}",0.6431333922807844,0.3866816625855251,0.5354151642080902,10.272723331778902,9.10437424638876,84.27800991859036,47.684851252030974,0.5055611921094187,62.99358846499803,34.86109562186931
CurrentDensity_Acetate,BF3,ET,"{'criterion': 'squared_error', 'max_features': 0.7, 'min_samples_split': 2, 'n_estimators': 150}",0.6588992841019101,0.377288004128912,0.5123581356471694,9.928396193851572,8.825914019051298,85.69413995906837,47.88322266598398,0.4888054020609237,64.40867512398977,33.32421795547305
CurrentDensity_Acetate,BF4,KNN,"{'n_neighbors': 1, 'weights': 'uniform'}",0.6686516389001484,0.4491395874540896,0.4978161539566541,10.446866758502004,10.296968612406207,95.51848643063812,59.46874999999999,0.3648754927818017,48.40476000306544,41.16303716935108
CurrentDensity_All,BF1,ET,"{'criterion': 'squared_error', 'max_features': 0.7, 'min_samples_split': 2, 'n_estimators': 50}",0.5367119985463025,0.3823359800728681,0.6435041049020156,9.64112395022842,9.107386292791848,67.74436530890328,41.0022931775743,0.4960115030895213,47.31962351313204,36.5618713740712
CurrentDensity_All,BF2,KNN,"{'n_neighbors': 1, 'weights': 'uniform'}",0.4758884733756727,0.3525123819675502,0.7197263325853935,8.733291296783891,8.55153420332642,67.63648752296682,40.16666666666666,0.4976153523113167,40.77083999775547,34.402839964008535
CurrentDensity_All,BF3,ET,"{'criterion': 'squared_error', 'max_features': 1.0, 'min_samples_split': 2, 'n_estimators': 150}",0.5004303093389253,0.3642686000467541,0.6900731973456103,9.011174163993116,8.654410618947479,70.6540198137909,41.36368200059032,0.4517886545155074,43.13417223429698,35.162631456906645
CurrentDensity_All,BF4,ET,"{'criterion': 'squared_error', 'max_features': 0.7, 'min_samples_split': 2, 'n_estimators': 50}",0.5123450841287126,0.3482130630734969,0.6751393776416624,8.789646723872119,8.30422176003484,68.10398790482964,38.27663230779927,0.490646430313296,45.07091675456696,33.18938859817052
CurrentDensity_Complex,BF1,ET,"{'criterion': 'absolute_error', 'max_features': 0.7, 'min_samples_split': 2, 'n_estimators': 150}",0.46017006,0.343221624,0.668775487,8.424799752,8.338108011,41.04157986,28.75783273,0.405776861,37.16694493,33.62372211
CurrentDensity_Complex,BF2,ET,"{'criterion': 'absolute_error', 'max_features': 1.0, 'min_samples_split': 4, 'n_estimators': 150}",0.456548672,0.359838193,0.673968232,9.073029874,8.916287919,40.57276812,28.97777266,0.419274768,39.76744059,35.5271377
CurrentDensity_Complex,BF3,ET,"{'criterion': 'absolute_error', 'max_features': 1.0, 'min_samples_split': 4, 'n_estimators': 100}",0.463009547,0.359446505,0.664675224,9.167094419,8.954316555,40.1491586,28.41663337,0.43133786,40.38368846,35.39835348
CurrentDensity_Complex,BF4,AB,"{'learning_rate': 0.05, 'n_estimators': 25}",0.550968691,0.424334254,0.525168422,11.01889065,10.65267772,41.98173462,31.80135365,0.378240862,51.08107578,41.06671643
H2Rate_Acetate,BF1,SVR_rbf,"{'C': 32.0, 'gamma': 1.0}",0.3464230617192197,0.2291747997805473,0.4215903657582653,173.00541530639236,36.56466119522744,0.9162770299172968,0.5498818790496297,0.4817677364817644,260.2296126382461,45.71574136164679
H2Rate_Acetate,BF2,SVR_rbf,"{'C': 4.0, 'gamma': 1.0}",0.3698090285669692,0.2537820721580618,0.3408610945653777,177.39484870938725,41.28972849953914,0.9483949720961968,0.5883898783899132,0.4448001574193532,264.63120048529134,51.30831105457301
H2Rate_Acetate,BF3,SVR_poly,"{'C': 4.0, 'degree': 3, 'gamma': 0.25}",0.2672091071367408,0.2047708578046574,0.6558684913094661,80.38343726204475,39.16794774634288,0.7706384829856242,0.495474848447444,0.6334170741130234,97.95744705557092,48.92475583776644
H2Rate_Acetate,BF4,KNN,"{'n_neighbors': 9, 'weights': 'distance'}",0.3795131316877115,0.2552952280044654,0.3058144934115517,168.2650902826203,42.16523638166864,0.9747799021680286,0.5935225315755978,0.4134784396155552,245.43491436175816,52.06819669361656
H2Rate_All,BF1,CB,"{'depth': 4, 'iterations': 100, 'learning_rate': 0.1}",0.2787122234249095,0.2106138635614178,0.5818332515120286,159.24408978183715,58.56632535506719,0.657903558695765,0.4111853715656383,0.5915097758368708,199.8452446617985,67.35133305338806
H2Rate_All,BF2,CB,"{'depth': 4, 'iterations': 100, 'learning_rate': 0.1}",0.2776354850843955,0.2144847160890732,0.5850579858744207,181.1341657619912,62.67118720468989,0.6450290805224561,0.4112424804016966,0.6073407921105807,227.39604906438151,71.40103368982903
H2Rate_All,BF3,CB,"{'depth': 4, 'iterations': 100, 'learning_rate': 0.1}",0.275258614665326,0.2191269290070632,0.5921323095298185,182.9899228533112,62.61594002559225,0.6504669345016987,0.4283595277863039,0.6006923357974046,224.4196404492,71.79553486897176
H2Rate_All,BF4,KNN,"{'n_neighbors': 9, 'weights': 'distance'}",0.2909352512412035,0.2014466280029316,0.5443512787575326,112.38120037281227,48.18968556028839,0.7029955397199938,0.4168426798613491,0.5335959256407601,151.31693182328283,56.791475589677
H2Rate_Complex,BF1,GB,"{'learning_rate': 0.05, 'max_depth': 3, 'n_estimators': 50}",0.2303276814874674,0.1662480346119434,0.38726621322288,135.62260232329743,68.99069909322381,0.4161229353796111,0.260794032693475,0.2731343457517483,150.85734121059235,75.73345448168499
H2Rate_Complex,BF2,GB,"{'learning_rate': 0.05, 'max_depth': 3, 'n_estimators': 50}",0.230307117026691,0.166173643510903,0.3873756223684339,135.02534931130694,68.95538062350074,0.41612203891956,0.2607240007680828,0.2731374775441307,150.19701870036627,75.69895948430259
H2Rate_Complex,BF3,KNN,"{'n_neighbors': 1, 'weights': 'uniform'}",0.2129022252230833,0.1228262321942796,0.4764719473115495,47.92436138474015,40.50647572466609,0.4108558141246148,0.21075,0.2914186528758404,54.9663074984857,45.78113456224616
H2Rate_Complex,BF4,ET,"{'criterion': 'absolute_error', 'max_features': 0.7, 'min_samples_split': 2, 'n_estimators': 50}",0.214272154290741,0.1276690667363271,0.4697129412703283,57.51110706646659,41.60162525450559,0.4131676486464511,0.2177272515763688,0.2834220198969158,65.92907596727109,47.11534685997869
