KNN_BF2,ET_BF3,ET_BF4,KNN_BF3,ET_BF2,ET_BF1,CB_BF2,DT_BF3,SVR_rbf_BF3,RF_BF2,GB_BF4,RF_BF3,RF_BF1,GB_BF3,CB_BF1,CB_BF3,CB_BF4,SVR_rbf_BF2,RF_BF4,DT_BF4,KNN_BF4,GB_BF2,LGBM_BF2,LGBM_BF1,KNN_BF1,LGBM_BF3,SVR_rbf_BF1,XGB_BF2,HGB_BF2,XGB_BF3,Current density
2.5649493574615367,2.80473589759248,2.80473589759248,2.5649493574615367,3.1415911226247126,3.1931938003009033,3.430974237727445,2.80473589759248,2.9441230467291915,3.254009762290469,2.8235584614763987,3.001962582631179,3.3950220094859906,2.8181570114751873,3.4492399012271284,2.8783063186088467,2.821993715703295,3.638823195638454,2.9830208720420397,2.80473589759248,2.80473589759248,2.8871501918451217,3.4750786115134873,3.3897080999513616,2.5649493574615367,2.982731300659291,3.632951451813624,3.6732101440429688,3.4860815050833183,2.8127524852752686,10.0
4.919980925828125,4.768679979651819,4.768679979651835,4.919980925828125,4.97846676412087,4.978466764120872,4.727059341584035,4.768679979651832,4.819617390225364,4.9066573799108,4.782413282721493,4.741099131258175,4.890098605292256,4.760573443779714,4.707213937960665,4.733466151136041,4.771778993049888,4.777638082451634,4.759622820670863,4.768679979651832,4.791710009970096,4.803645505150349,4.770009591584619,4.779060528133388,4.919980925828125,4.7919227233342685,4.7771159997383545,4.809043884277344,4.7699273137966225,4.775987148284912,194.0
4.663439094112067,4.8062114254772395,5.162655084162846,4.9126548857360515,4.487899941058146,4.460807253334349,4.643714510666317,4.869543895434215,4.676965183658509,4.655963210862958,4.90840454516389,4.802477150462963,4.644309682040596,4.840786735074358,4.632680772579624,4.82364797452185,4.890585805996522,4.549573441861168,5.017102975922759,4.869543895434215,5.055991762060525,4.814175808063025,4.820712815616083,4.739409803792588,4.663439094112067,4.819559043272113,4.552996474168693,4.859548091888428,4.844261979844468,4.878161430358887,161.0
5.746203190540153,5.029310218854911,4.734499028654364,5.746203190540153,4.649666604301382,5.023143321319903,5.2937681625573,5.746203190540153,4.882265577199863,5.426112566891137,5.561414621130766,4.797891804338619,5.469002150172837,4.944320533315887,5.30882101330058,4.948179716169201,5.2093248499385245,4.474508039854664,5.06328705895726,5.34748154045916,3.1457845697791598,5.566344440112739,5.18757969505322,5.379132599170107,5.746203190540153,5.134143168262451,4.2917356680016,5.264072418212891,5.219509170482491,4.94270658493042,382.0
5.272999558563747,4.856934637835737,4.856934637835736,5.272999558563747,5.154976080488694,5.154976080488692,4.771537257967212,4.856934637835737,4.824756742531115,5.049190787095942,4.831068274340885,4.797936225084916,5.0250723852458785,4.827610728297713,4.774352362743198,4.7615783045467035,4.8276109905238656,4.777390906131104,4.802945729280532,4.856934637835737,4.968219326337907,4.854203548218795,4.8810159830785285,4.808622035074003,5.272999558563747,4.860724931183237,4.776800657326192,4.87843132019043,4.859569933159661,4.832912445068359,136.0
3.6635616461296463,3.6635616461296543,3.6635616461296445,3.6635616461296463,3.6635616461296543,3.6635616461296445,3.978774999627227,3.393251574057537,4.275393633824666,3.968481155657221,3.760028114165951,4.036124872567586,4.003756544796828,3.7624508136380856,3.957683246850092,4.122955164554159,4.134183808014604,4.52336041947051,4.179973573612559,3.393251574057537,3.6635616461296463,3.7418539075754733,3.639504148685459,3.7556733086994156,3.6635616461296463,3.8945136392497086,4.540022832619832,3.9594080448150635,3.8949276569953475,3.934877872467041,30.0
3.6635616461296463,3.6635616461296543,3.6635616461296445,3.6635616461296463,3.8523370443741616,4.377137524063792,4.043350138889875,3.9423109875298525,3.7639555108686196,3.9160851025407535,3.7180518332173262,4.0449117824751974,4.051740135564069,3.728591383017742,4.081994976014182,4.003097628362201,3.9579612119952965,3.942187278052744,3.9555573807021265,3.6635616461296463,3.6635616461296463,4.12196943017567,4.554619993358032,4.534454735473368,3.6635616461296463,4.4431712899946145,3.9620255506611137,3.9154062271118164,4.480966435952952,3.857055425643921,50.0
4.804021044733257,4.736516134940439,4.912499019181519,5.087596335232384,4.69758706855228,4.7123458444798,4.743222714456026,4.804021044733257,4.514357910125706,4.769015933990582,5.031511497191984,4.77697455394621,4.734967707500731,4.863495204874837,4.63229070809436,4.761098123949564,4.803556400884357,4.603686554307096,4.999902732185234,5.087596335232384,5.19545062164573,4.829477499207932,4.97117802858148,4.886484228669379,4.804021044733257,4.9042201273376245,4.593417031877615,4.833013534545898,4.898811089106414,4.8766703605651855,135.0
4.454347296253507,4.921070095764766,4.921070095764749,5.272999558563747,4.454347296253516,4.454347296253505,4.834087170912165,4.921070095764752,4.8420142411971625,4.6890118647391725,4.899986831261235,4.892508086020433,4.655907553937251,4.8776716947817595,4.816556585625452,4.78649356876156,4.854123163676294,4.806227732665581,4.900966386569525,4.921070095764752,5.0964902421959355,4.878565495988864,4.8958800736815515,4.8779555769874765,4.454347296253507,4.883978192448486,4.80858353692587,4.91675329208374,4.914596571934586,4.887045383453369,105.0
4.836281906951478,4.549368953302397,4.457675890352299,4.836281906951478,4.432647548309704,4.49788074513733,3.7670747468367223,5.40462149124745,5.393933699104597,4.117020091470728,3.7913141906819976,4.205285980777836,4.091053820805384,3.6347330112132306,3.761111875113128,4.003028913280438,4.078296675871395,4.875408539841337,4.040848815394071,3.526360524616161,5.271886746745451,4.5316118476825835,4.586114036347789,4.615793676934596,4.836281906951478,4.7491191483858115,4.890043006321427,3.5005743503570557,4.194956942514987,3.589296340942383,67.0
5.602118820879701,5.397537835884947,5.397537835884954,5.602118820879701,5.397537835884947,5.397537835884954,5.0173810813592175,5.342061429541499,5.293356264358752,5.275942814757645,5.28260069322409,5.210085415133027,5.171979339642418,5.326880710766498,5.187607999183312,5.0039514523675415,4.90938596782127,5.293128589325584,5.2232123359898,5.397537835884956,5.397537835884956,5.313189281542539,5.391205925838537,5.355749887280203,5.602118820879701,5.14142228320606,5.292932002078324,5.241889476776123,5.370822905632904,5.219944477081299,200.0
6.133398042996649,6.133398042996647,6.133398042996647,6.133398042996649,6.133398042996647,6.133398042996647,5.840054084809582,5.541078966687408,6.033865601242943,5.8828922763500175,5.945933461863539,5.640475971358308,5.708671375572436,6.024598874253221,5.781164150709264,5.5935812951452935,5.4339684121048775,6.033057098891445,5.651778555281499,6.133398042996649,6.133398042996649,6.086917998224234,5.842203642973381,5.875082993036944,6.133398042996649,5.742074001694572,6.033416663328896,5.968655586242676,5.919880514695674,5.904200553894043,360.0
4.23410650459726,4.634154573182896,4.762783760313295,4.718498871295094,4.4192742206753515,4.399264401467258,4.499513338727766,4.5395008267515635,4.604174610876498,4.516327451531531,4.640218730010955,4.6002910980338525,4.546249526690047,4.610026094219825,4.54053522309405,4.667118064121781,4.616947709712934,4.535414966352978,4.6337777304588315,4.476302687946177,4.940519998945008,4.5114202693272,4.233255889686231,4.2359302802430765,4.23410650459726,4.363526521888379,4.535292168662946,4.528476238250732,4.252820465876267,4.5190253257751465,76.0
4.532599493153255,4.5325994931532625,4.53259949315325,4.532599493153255,4.5325994931532625,4.53259949315325,4.2286851205384135,4.532599493153255,4.433027274533887,4.185407340782305,4.460644513414495,4.081232827317132,4.120552076254324,4.451638933257892,4.213660088044057,4.214327347696917,4.240998289477475,4.432572827807955,4.130956992930036,4.532599493153255,4.532599493153255,4.4791370250002,3.8166701841415973,3.8259874082158722,4.532599493153255,3.5766567615544607,4.432756332895065,4.368351936340332,3.7711494333367406,4.336814880371094,112.0
4.663439094112067,4.973343045229398,4.973343045229397,5.272999558563747,4.663439094112058,4.663439094112071,4.858693639367364,4.973343045229392,4.8420142411971625,4.810769436449564,4.93633699385195,4.94676532900312,4.8126373260862145,4.917114382241233,4.8589079370477695,4.801105183270299,4.907832425042111,4.806227732665583,4.947552489209254,4.973343045229392,4.968219326337907,4.913662780104394,4.973103236113881,4.916225227890639,4.663439094112067,4.930520163232975,4.808327338035204,4.952447891235352,4.942677511519961,4.914806842803955,85.0
5.303304908059076,5.248130879474624,5.248130879474643,5.303304908059076,5.248130879474624,5.248130879474643,4.988970428629686,5.242456791934624,5.20318024522729,5.166709750511186,5.129670487702237,5.200791995467949,5.1186231690287265,5.188771407200293,5.075952144265351,4.851108117341138,4.825726954626146,5.203198351769975,5.141609641705741,5.248130879474643,5.248130879474643,5.148923363702005,5.28964909286849,5.2351490522398025,5.303304908059076,5.048201692453495,5.203570433807079,5.126873970031738,5.252913908065787,5.0909576416015625,270.0
4.356708826689592,4.638388163273134,4.645800777393751,4.356708826689592,4.51978633734322,4.612444013850963,4.570274349013635,4.473004373279456,4.159295836237364,4.4668229511514115,4.592336778293784,4.538039227867334,4.443019324914372,4.536974403715208,4.421317197103124,4.57258769342611,4.6574184148329145,4.156550422152447,4.517624316677254,4.473004373279457,4.484129381777976,4.541263905021229,4.485262346464645,4.477914432445249,4.356708826689592,4.499918850976614,4.158737947692742,4.601238250732422,4.6499606867309256,4.584824085235596,93.0
5.948034989180646,5.213908622600924,5.2012596763909915,5.948034989180646,4.980600013963852,5.2430746513471025,5.527623969772598,5.948034989180646,3.947126307491377,5.621540999805635,4.753920560922154,4.919093527474329,5.537376367304667,5.062567807448741,5.4772964181151345,4.726036387691153,4.851310522710814,4.6172428850057985,4.902366063000436,5.071258989088385,5.345419267781623,5.7393461156270815,5.772966932471008,5.767491621112754,2.6390573296152584,5.123156894573344,4.217598638849326,6.1319193840026855,5.960021807318219,5.358020305633545,312.0
3.2580965380214817,3.2580965380214906,3.258096538021479,3.2580965380214817,3.2580965380214906,3.258096538021479,3.760339146948634,3.4518817962120916,3.158272683739426,3.446159739208637,3.396127227578514,3.5095696717016795,3.484547806096763,3.446002628005866,3.7001146582180735,3.7634203876398473,3.6896976559550403,3.1576879972179634,3.494773304573338,3.4518817962120916,3.2580965380214817,3.470250193710453,3.678142518212649,3.806212491006189,3.2580965380214817,3.9941999249269866,3.158354900703679,3.4695987701416016,3.707708935884239,3.5572781562805176,25.0
4.7535901911063645,4.655507428079537,4.655507428079524,4.7535901911063645,4.86170174534118,4.816394425230388,4.846689071902857,4.655507428079527,4.8553452624078055,4.832617559775284,4.67432759562278,4.734257606165064,4.842082145777172,4.6813248979398105,4.822254800716132,4.769851124928682,4.741800158463437,4.869664589215116,4.748418178403167,4.655507428079527,4.956322745160447,4.797207064474604,4.79628227872498,4.79686940902419,4.1588830833596715,4.6740731012199985,4.869707167997541,4.810431480407715,4.787025106475755,4.708259582519531,90.0
5.231108616854587,4.127048992750349,4.422288360054247,5.231108616854587,4.0725805412406055,4.007122103951541,4.114373612753399,5.231108616854587,4.861147400115085,3.8607998943580886,4.45561971819389,4.091779833566469,4.194448942062135,3.8673222614254072,4.289007780137477,4.129557947972668,4.6733495139670085,4.760459034286026,4.665113983622872,3.8729341148961343,4.962775425544818,4.823414728070146,4.457165012545975,4.256457584816257,5.231108616854587,4.717187208144545,4.790199365793078,4.217464923858643,4.2876742627748845,4.201335906982422,68.0
3.6888794541139363,3.4330322372563136,3.4330322372563016,3.6888794541139363,3.4619413825218657,3.4330322372563016,3.523947886420669,3.4330322372563056,3.5886805657010403,3.4713585674653653,3.466513121016705,3.4404194934560066,3.4547077329343474,3.4595922563690107,3.5071851777813814,3.5263036484374637,3.56642086422123,3.588881602048369,3.4543687169667168,3.4330322372563056,3.6888794541139363,3.4557244916106726,3.3906644599331006,3.414842411290419,3.6888794541139363,3.398412794511104,3.588768991727572,3.4827611446380615,3.4037310617778638,3.498090982437134,31.0
4.454347296253507,4.282610580213409,4.282610580213407,4.454347296253507,4.282610580213409,4.282610580213407,4.598993986102141,4.28261058021341,4.339209706389215,4.354871375632498,4.37917095981588,4.320266029533606,4.33461026203747,4.413892527935759,4.602685367131377,4.617126786020147,4.649832367085376,4.554686228567787,4.332387235673493,4.28261058021341,4.28261058021341,4.43457618290505,4.454310663039757,4.351816939515917,4.454347296253507,4.5292426528933944,4.5544516912638615,4.472982406616211,4.406650912475012,4.490185737609863,92.0
4.23410650459726,4.38023652594781,4.464469868739869,4.23410650459726,4.403592083559909,4.426690578916733,4.772099067697622,4.738924951669276,4.628877322825923,4.6377205061385345,4.732990825395916,4.530736630995575,4.672287399246719,4.678660176462564,4.74092074297822,4.592108740396775,4.696945881295186,4.633226591918503,4.669575553336406,4.219507705176107,4.6569203635134695,4.7623698601589926,4.717719582015691,4.755378434689511,4.23410650459726,4.75874193074999,4.6363812093727645,4.719008922576904,4.650993680266314,4.61834192276001,33.0
2.995732273553991,3.145784569779154,3.1457845697791553,2.995732273553991,3.320382156888964,3.7270658015448435,3.5787269103564414,3.1457845697791598,3.1956743493192756,3.173496806812435,3.1489775692833897,3.0879689063585833,3.303243251065005,3.159808955490784,3.589262271098204,3.1714813833958386,3.149299960099717,3.965311335098345,3.1739777233114084,3.1457845697791598,3.1457845697791598,3.7665918036021098,2.9974312957400624,3.04261309930603,2.995732273553991,3.0612508688282807,3.6664098355569794,3.2701518535614014,2.9542910894789483,3.169365167617798,13.0
3.6888794541139363,3.5155926589739535,3.51559265897395,3.6888794541139363,3.5845485545611866,3.51559265897395,3.5715459816575317,3.51559265897395,3.5885098793871086,3.561426476675756,3.5543878370856676,3.5633933916799627,3.5458699626642827,3.539162530547851,3.5880686577500365,3.600811745438473,3.630613348083994,3.5888828804072013,3.531602146108788,3.51559265897395,3.6888794541139363,3.528605042393537,3.469048013181033,3.5156933826226306,3.6888794541139363,3.489199535789927,3.58868997789037,3.5550026893615723,3.487780802162393,3.5887975692749023,22.0
6.133398042996649,5.8810088538407,5.11519779245267,6.133398042996649,5.109044180797482,5.305103640848629,4.767261989099357,6.011138000664765,4.932103608396252,4.658535649348233,5.126704645333298,5.326817479444255,5.250747284479189,5.591108685948951,5.23987388446031,5.598605385533842,5.095736239198114,4.286225018936323,5.042077014154154,5.847119089860399,4.262458416462805,4.493919525898096,4.673586288100281,5.0416656326970966,5.948034989180646,5.841404641075399,4.339248503900624,4.656296730041504,5.118892997828967,5.788971424102783,140.0
5.2094861528414205,4.889145895578387,4.889145895578373,5.081404364984463,5.236730639069376,5.4944861905939275,5.1676080145266,4.8891458955783795,4.78654195681214,4.997459321175802,4.887388456848861,4.897039489588929,5.012662378137025,4.889857863554154,5.02955615434548,4.891496512778032,4.917067606208713,4.922714568021272,4.91194424538047,4.8891458955783795,5.0115233937968835,4.947912908551704,5.346448646779825,5.264130435765548,5.2094861528414205,4.999447616073436,4.922290812275925,5.03739070892334,5.201256365892904,4.862447261810303,143.0
4.762173934797756,4.771424999087118,4.771424999087118,4.51085950651685,4.762173934797749,4.762173934797751,4.843911777584509,4.771424999087119,4.855268645407975,4.780686623775695,4.790024317371908,4.765313754446386,4.781848921253612,4.793741619302613,4.857770546861376,4.85957854072736,4.8626384875335535,4.667647442415472,4.78465145175977,4.771424999087119,4.632224848811607,4.833198028100447,4.967036401475677,4.933437505385453,4.762173934797756,4.800963429093977,4.667338400385074,4.811089992523193,4.971704230854431,4.811971664428711,35.0
4.727387818712341,4.727387818712342,4.7273878187123435,4.727387818712341,4.727387818712342,4.7273878187123435,4.408670664605889,4.727387818712341,4.627794872295937,4.192843276585481,4.6628837943976995,4.240151627920712,4.20812950470803,4.650295991139038,4.399160363500738,4.395302722745209,4.41093687022042,4.627093042751703,4.2116941850079215,4.727387818712341,4.727387818712341,4.6453521198152385,3.921805020193108,3.904398871742888,4.727387818712341,3.666058002587546,4.627098046398753,4.5454936027526855,3.9173559647379594,4.529149055480957,92.0
5.272999558563747,4.827691718689372,4.827691718689358,5.272999558563747,5.096490242195947,5.096490242195932,4.771585822006234,4.827691718689361,4.819886389343027,4.980202371276943,4.832767728209758,4.788598706851108,4.980412549490999,4.804151915179263,4.743133629093427,4.753693068789296,4.810652832494275,4.777355888820378,4.797935492322677,4.827691718689361,5.0964902421959355,4.8291282093220325,4.80143054362907,4.757073990143847,5.272999558563747,4.803122277401888,4.777115999738356,4.851965427398682,4.830619648062085,4.830700397491455,153.0
2.995732273553991,2.817394801584616,2.8173948015846246,2.995732273553991,3.3234906805408007,3.3138063185304714,3.222105096163318,2.571410381616362,2.8957278647256555,3.159648279576737,2.823122749277547,2.8433717180520466,3.225316444551708,2.833759777789456,3.1298590582296995,2.855019431397967,2.8448318824456944,3.8211313655074166,2.9843165923683563,2.8173948015846246,2.8173948015846246,3.023325344936605,2.98753421102411,2.8427935679939833,2.995732273553991,2.7407614198135666,3.93757173505384,3.2715773582458496,3.1024968664544943,2.8421061038970947,26.0
4.51085950651685,4.699504480974164,4.699504480974178,4.51085950651685,4.86170174534118,4.875057162423252,4.883442076621826,4.699504480974174,4.855268645407975,4.8208833639523005,4.720563788388696,4.74596564198873,4.840419787347269,4.725371838319775,4.846188307779853,4.835353322974894,4.796412768850578,4.869852452389271,4.7652811430436355,4.699504480974175,4.632224848811607,4.834688299388479,4.8422292820854596,4.852660577745934,4.51085950651685,4.714716980897022,4.869946860533053,4.835257530212402,4.851531414611609,4.74879264831543,63.0
4.890349128221754,4.566706093001223,4.573778169978016,4.890349128221754,4.561988800361664,4.5783118765723625,4.438525326760809,5.009583562557002,5.076340890306823,4.314844656316032,4.26089616361049,4.2994962081656345,4.348825527423192,4.496234818363888,4.438477596730153,4.50583984279818,4.403589884446943,4.781528469911516,4.127988494060373,4.890349128221754,4.554928416698931,4.456127585244896,4.377412403009172,4.400446636830527,4.890349128221754,4.514541974303685,4.790762128159042,4.1580986976623535,4.2073987871349185,4.153665065765381,125.0
3.4339872044851463,3.4339872044851525,3.433987204485145,3.4339872044851463,3.4339872044851525,3.433987204485145,3.8796638759242787,3.3167267601760364,4.275384983894025,3.6706876955636485,3.5615746152584755,4.039144259622933,3.77348057635748,3.5675245823603525,3.8284675752271937,4.048610461481649,4.004046105461289,4.52299575115143,4.028936077002834,3.3167267601760364,3.4339872044851463,3.518131637261728,3.5710639695324033,3.6731312741885467,3.4339872044851463,3.8720532637205056,4.540044044628247,3.678353786468506,3.758609879924249,3.770005464553833,38.0
4.51085950651685,4.753590191106357,4.753590191106361,4.7535901911063645,4.802646898645107,4.805393407569697,4.861188226077431,4.7535901911063645,4.841118452962009,4.809517787220232,4.856051720433329,4.798951222631339,4.8051960696752944,4.864690829179876,4.940571950217528,4.821393674827755,4.89974423274532,4.841188722615587,4.837718644372705,4.7535901911063645,4.7535901911063645,4.879325172969839,5.205579415243039,5.072034717570362,4.51085950651685,4.973520782354268,4.837726944734591,5.005304336547852,5.05776685946769,4.835467338562012,182.0
5.036952602413629,4.345224396862602,4.343288486614201,4.343805421853684,4.699440099080223,4.769719559718453,4.509522868607769,4.414603010271093,4.349766015271008,4.5005176861205545,4.3820118019779555,4.42859772462396,4.58344563411758,4.3956897146745435,4.468225217665815,4.535937854087708,4.434271565928557,4.78031035276556,4.467612290620622,4.3115402510468455,4.68287814241688,4.5057857290249395,4.289803046883654,4.349991610943091,5.272999558563747,4.258650946243376,4.733212059263812,4.476044178009033,4.346160569264182,4.350139141082764,111.0
4.762173934797756,5.209486152841429,5.209486152841414,5.2094861528414205,4.30949643696956,4.215848468816891,4.696792814969115,5.025523007827917,4.851848323188099,4.468523942103631,5.035350559872564,4.997708166017722,4.497343828089064,4.978244119315309,4.781967938366934,4.902162650949388,4.985435085327675,4.643995764337869,5.051529049289958,5.2094861528414205,5.2094861528414205,4.5366662475306985,4.678959149697959,4.759984368130955,3.58351893845611,5.11306517382474,4.648144490850048,4.640688419342041,4.798809165707296,4.9302144050598145,115.0
5.303304908059076,5.452711864469392,5.45271186446939,5.303304908059076,5.452711864469392,5.45271186446939,5.081005537512674,5.378844115264454,5.403369204340678,5.31783825711798,5.30877807816304,5.337582437815309,5.311047451987423,5.399714294340303,5.228892847235047,5.046183148271111,4.935075910729147,5.373122369121797,5.328563182592995,5.452711864469388,5.452711864469388,5.360758553728225,5.371158744429228,5.374200026527467,5.303304908059076,5.179336336392308,5.384393856572434,5.322844982147217,5.409234213643162,5.292916297912598,179.0
4.532599493153255,4.752602897523091,4.778094127001358,4.343805421853684,4.573420880754104,4.54812768221617,5.077934808424681,4.531152146574389,4.408959361224479,4.813384612128944,5.160161970300401,5.032220120643211,4.734088681225182,5.336954253198741,4.933424607784619,5.236498880691761,4.9274673454362485,4.407010120371506,5.223515990137123,3.754102645551755,4.612633445675537,4.707878054603105,4.256894078545207,4.193458542609686,4.454347296253507,5.035513697996203,4.349692818286364,4.628666877746582,4.762489627750915,5.493983268737793,131.0
4.941642422609304,4.851948873775549,4.851948873775563,4.941642422609304,4.79301666087532,4.793016660875338,4.744057948662698,4.85194887377556,4.786541956812143,4.793210622271274,4.861987609074408,4.860901107497335,4.799691813493064,4.86472460323606,4.751206504144236,4.881774669551763,4.879906528760408,4.7422043695820495,4.873988517842603,4.85194887377556,4.793016660875338,4.773029685707757,4.792615452698739,4.7927873179187435,4.941642422609304,4.942941668393516,4.742193957884522,4.777736186981201,4.7261257674894885,4.836236000061035,160.0
3.295836866004329,2.9674470978097856,2.9674470978097935,3.295836866004329,2.9583614807845193,2.9907001909096973,2.8737937449749795,2.6714452457664746,3.195729543173211,2.9698817960489823,2.9687400989639285,2.9518581409471136,3.063604567835946,2.986140455300675,2.933194180491409,3.00630526867635,2.99922942605962,2.672170505760125,3.118679123102994,2.967447097809794,2.967447097809794,3.161217900694197,2.5632310201544355,2.6508283168573494,3.295836866004329,2.8857581563792833,2.8079650188493197,2.5835483074188232,2.697280383206068,3.004448175430298,19.0
4.343805421853684,4.378847398931836,4.422964131521172,4.343805421853684,4.304328719342643,4.232554088413476,4.511559052458752,4.531152146574389,4.6183080124674785,4.401956762162863,4.3026501196597255,4.544193745482091,4.504512820870264,4.394768466975157,4.5223203854971015,4.606078191684761,4.526849997196547,4.585362058044003,4.608311874926623,4.531152146574389,3.935082973234923,4.454572945254274,4.20437058889718,4.205828882539935,4.343805421853684,4.1674600371483566,4.585463070235795,4.299054145812988,4.1663329585216555,4.477872371673584,68.0
5.081404364984463,4.898536187900617,4.898536187900616,5.081404364984463,4.862897632062907,4.862897632062922,4.806537159138448,4.898536187900612,4.786541956812137,4.852497018605167,4.8954633618963035,4.901219564121672,4.85359504849472,4.898385432948057,4.794266498041154,4.931304204368219,4.9152728600136895,4.7422043695820495,4.925475754901729,4.898536187900612,4.862897632062918,4.825466337901748,4.832642641266688,4.864507584473971,5.081404364984463,5.014198538525717,4.742193957884524,4.796951770782471,4.790714227480995,4.855471134185791,139.0
4.51085950651685,4.625166092505845,4.625166092505843,4.51085950651685,4.74033640304641,4.775939311132136,4.821815177279088,4.625166092505839,4.855516675461404,4.754736511668845,4.63883305028243,4.642471222374812,4.777089654709475,4.658361500374645,4.798326383784857,4.7463837068101835,4.725788922465948,4.869664589215114,4.684996911756877,4.625166092505838,4.834957402865689,4.747504536036193,4.757877480979751,4.798122175277381,4.51085950651685,4.669193762513832,4.869707167997541,4.762917518615723,4.75738210193074,4.681762218475342,115.0
4.532599493153255,4.490160973869165,4.730719801716779,4.532599493153255,5.131034166865869,4.923614773483585,5.185730824897015,4.882801922586371,4.434495373036466,5.68177035084288,4.2801464753281975,4.6461344016056065,5.313523006822217,4.329566004261977,4.900701340659183,4.565942188184545,4.531096419765991,4.276330746233805,4.58799424902403,4.288955963225472,4.4817840502974375,5.568634495281146,4.827866571085034,4.793254095497351,4.454347296253507,4.448301900725954,4.196241223113416,5.670268535614014,4.8002476781862224,4.350286960601807,163.0
3.6888794541139363,3.494747256739178,3.4947472567391844,3.6888794541139363,3.5773076784568185,3.4947472567391844,3.571963983354307,3.494747256739187,3.588680565701049,3.561464932437395,3.5334060613724936,3.5602920811923386,3.562402543641886,3.516539673867457,3.5765783807596496,3.5925250547722847,3.592074667490227,3.588881602048371,3.556883969171494,3.494747256739187,3.6888794541139363,3.513513308720668,3.44050785380345,3.4856098719201074,3.6888794541139363,3.4438054280886043,3.5887689917275747,3.5515360832214355,3.473578048540232,3.5643739700317383,24.0
3.6888794541139363,3.377246349427761,3.3772463494277543,3.6888794541139363,3.3423058638339715,3.3772463494277543,3.4546549954811105,3.3772463494277534,3.3658845882471637,3.3444012025768757,3.409324127129847,3.3767299605690697,3.376116734150875,3.4113954067925634,3.4511125930523976,3.5106536108509703,3.480505078993707,3.365676416158932,3.3781033975008197,3.3772463494277534,3.4538776394910684,3.3978520640601815,3.3275746962361974,3.367342212222776,3.6888794541139363,3.336127971885153,3.3653423065531776,3.4215054512023926,3.339671148064113,3.4385509490966797,39.0
4.51085950651685,4.5744829539923195,4.574482953992317,4.51085950651685,4.632224848811607,4.7083617931141095,4.819763506868901,4.574482953992318,4.847128303871676,4.663575979218935,4.603490955095058,4.604889711910302,4.679088788183139,4.60568835434703,4.747412498781701,4.746141597941325,4.674811177874814,4.83307124651352,4.62533838653726,4.574482953992318,4.632224848811607,4.69759634371313,4.692302946843698,4.698298265919974,4.51085950651685,4.630336046447015,4.830530306916745,4.7014970779418945,4.684302708657014,4.629496097564697,173.0
4.532599493153255,4.321736678663273,4.321736678663284,4.532599493153255,4.321736678663273,4.321736678663284,4.6506144601860875,4.321736678663283,4.339209706389229,4.363277143735446,4.452467902664387,4.383476613195669,4.410856659271828,4.45703452619009,4.638282629287661,4.655575422641657,4.701839126911078,4.632997146883426,4.398998507850761,4.321736678663283,4.321736678663283,4.467038251910302,4.465761865743684,4.371624134255822,4.532599493153255,4.537354637755854,4.6328609679816415,4.514421463012695,4.393935298581768,4.544806003570557,85.0
3.6888794541139363,3.377246349427761,3.3772463494277543,3.6888794541139363,3.3423058638339715,3.3772463494277543,3.4546549954811105,3.3772463494277534,3.3658845882471566,3.3715853204635784,3.409324127129847,3.3392955394166934,3.3666568067224305,3.4113954067925634,3.4511125930523976,3.5106536108509703,3.480505078993707,3.365676416158932,3.3803028433041997,3.3772463494277534,3.4538776394910684,3.3978520640601815,3.3275746962361974,3.367342212222776,3.6888794541139363,3.336127971885153,3.3653423065531776,3.4215054512023926,3.339671148064113,3.4385509490966797,39.0
4.9126548857360515,4.824060365222855,4.8113580958929205,5.272999558563747,4.769418950745566,4.687444700491515,4.668775777629205,4.9126548857360515,4.7495754954495775,4.687329846499743,4.871514577438428,4.784531729075593,4.743837186386943,4.870116529993908,4.586964707376753,4.7679914258053175,4.783794640539585,4.711305304495052,4.824455996081799,4.824426667065273,5.0964902421959355,4.788287769558097,4.648626865533345,4.59277958261801,4.9126548857360515,4.8461974085289174,4.7074903612997,4.87510871887207,4.704890777462348,4.90769624710083,121.0
3.295836866004329,3.8739385403344255,4.287246607880299,3.295836866004329,3.8242612967729506,3.966212331623314,3.711359611980528,2.976875489724526,3.8161417903036137,3.9205490004762087,3.9330276804783724,4.013818550510803,4.179307117203598,3.7857793269480937,4.319161449395908,4.0075974043115625,4.221998790373277,3.869984584089404,4.389199602184763,4.9157809064822695,3.730468767721399,3.5181685990418954,4.4386332136677815,4.499705972390251,3.295836866004329,4.434152250602512,3.8790504492856837,4.0642242431640625,4.109506203825433,4.379844665527344,7.0
5.081404364984463,4.9976200290565975,4.997620029056584,5.081404364984463,5.01152339379689,5.011523393796887,4.811320062541891,4.997620029056589,4.8414563388716445,4.987396881546043,4.95366873182493,4.985544328947464,4.979688585883168,4.960973908607989,4.819386314286146,4.947745969749368,4.924464795255403,4.800656584866306,4.9900994345760505,4.9976200290565895,5.0115233937968835,4.91541804981037,4.932001979097599,4.951376971573474,5.081404364984463,5.0595732754104565,4.801848448870549,4.859798431396484,4.809987593419721,4.9183573722839355,103.0
5.272999558563747,4.829417761639431,4.866876716853536,4.890349128221754,4.869867597286447,4.626257021396874,4.759231741744972,4.863315517586615,4.8298001040954475,4.873086186490524,4.8253274982525705,4.851127818525872,4.8586331944409995,4.841374592099193,4.686824870783328,4.7013610637162895,4.831549573947836,4.892784018498432,4.86503681258516,4.863315517586615,4.853077292102387,4.878415461192791,5.056982638248544,4.983540180814676,5.272999558563747,4.819970951754654,4.92131883879464,4.954415798187256,5.04627548721988,4.8718647956848145,144.0
4.836281906951478,4.611810739106254,4.514869071306616,4.836281906951478,4.628058017148466,4.676148493055904,4.295082471621257,5.146276119638255,4.986107765103036,4.258738786886637,3.352413214728449,4.035462019180005,3.9683301731852407,3.500268648066969,4.299887663310824,4.37612233037233,4.175453298840637,4.861447029846546,3.6544703095078575,5.146276119638255,4.86226992394932,3.07278483707613,4.061016023898996,4.086218066076766,4.836281906951478,4.172331573423213,4.855410964926019,3.283346652984619,3.679258459729148,3.4493744373321533,113.0
2.5649493574615367,2.481422315129957,2.481422315129951,2.3978952727983707,3.350889345023825,3.2569610247565914,3.3627287364916594,2.4814223151299535,2.498260978366436,3.2293530727497886,2.4894569530102153,2.680901325451068,3.1485819608199974,2.4952572516398988,3.127447919714564,2.63686584792013,2.5184271326741703,3.706144813734462,2.727924936903046,2.4814223151299535,2.4814223151299535,3.3635864653742003,2.7747922831880745,2.812718475525363,2.5649493574615367,2.7459846274015822,3.73455957669268,2.9269871711730957,2.730753242621467,2.49843430519104,20.0
4.736198448394496,3.752744007541995,4.019113588227484,6.073044534100404,3.6894142959846903,3.8358917785000686,3.565937069562873,2.976875489724526,4.544805880792214,3.2597620103626332,3.2212159703958787,3.424918891701076,3.5001991586100196,3.032798295943935,3.313909191619201,3.1689272191004942,3.1831921222806874,3.842874618945905,3.3685787049456235,2.976875489724526,3.6888794541139363,3.1364190427155063,3.6080152102942766,3.468897795118962,4.736198448394496,3.3463309671976815,3.852434829350454,3.075072765350342,3.726564034910723,3.17000412940979,129.0
3.044522437723423,2.721208855260897,2.721208855260897,2.3978952727983707,2.8933896127407692,2.832263404698617,2.8690172240463903,2.7212088552608966,2.9443888118985218,2.7677177053740945,2.7410333988743165,2.8569092706964003,2.959546217097279,2.7325410286668554,2.7640758129138963,2.819391377932843,2.729495723020242,2.4104468651491824,2.882013638776167,2.7212088552608966,2.7212088552608966,2.985479088680561,2.9013699982707863,2.8212581371771974,3.044522437723423,2.9083584443684996,2.4074244531506284,2.8556480407714844,2.906208632462991,2.7523207664489746,12.0
4.543294782270004,4.674440783850018,4.669646538119184,4.718498871295094,4.520026151732099,4.555872275948695,4.531909727490302,4.53519969180626,4.5094042920260575,4.514068708386536,4.642050687447551,4.656291472915781,4.50992570947544,4.675682448375853,4.562983413134956,4.596662061217715,4.620523793640244,4.416338229090143,4.625086029245862,4.543294782270004,4.638247053877523,4.5195662897147715,4.304106191734078,4.245902761973093,4.543294782270004,4.327599552404055,4.412887682682988,4.598482608795166,4.380175929800455,4.6438093185424805,77.0
3.58351893845611,4.624093124544404,4.624093124544409,4.51085950651685,3.58351893845611,3.5835189384561095,4.509454489080496,4.624093124544414,4.853374404372689,3.9564540832974298,4.643790110915238,4.63161190269914,4.0180696443317325,4.659731095169464,4.5188489188021395,4.758905652813882,4.725217405826243,4.657312091505613,4.654928347552911,4.624093124544414,4.632224848811607,3.8256724002937688,4.466744485643251,4.407851599846671,3.58351893845611,4.668567428597305,4.664883230262486,4.23996114730835,4.5002727648699885,4.68140983581543,116.0
5.8888779583328805,5.888877958332868,5.888877958332879,5.8888779583328805,5.888877958332868,5.888877958332879,5.628947443509967,5.312501425511749,5.788886954687158,5.51806605477634,5.727323488320941,5.3658325154637785,5.519123185173672,5.782585507744402,5.673762225448797,5.442189500836819,5.365230612060935,5.788762382949592,5.474613714047899,5.8888779583328805,5.8888779583328805,5.863665831741006,5.814947510971436,5.770892257734564,5.8888779583328805,5.656570154088461,5.7889751182298355,5.779517650604248,5.756409017965221,5.6487531661987305,460.0
4.51085950651685,4.662571454362446,4.662571454362448,4.51085950651685,4.86170174534118,4.825813126940945,4.849968327262311,4.662571454362445,4.855268645407955,4.857757185492144,4.686271314359134,4.705097248851224,4.843254464713394,4.692585670396332,4.847835452897429,4.790897037085984,4.7482428885666055,4.869664589215115,4.7219411900320685,4.662571454362445,4.632224848811607,4.785403759795087,4.7959977285273165,4.817646519164921,4.51085950651685,4.679058176167675,4.869707167997541,4.79114294052124,4.795823367315644,4.716580867767334,85.0
4.836281906951478,4.925105758050357,4.926171081651703,4.976733742420574,4.770783008324196,4.7538694083368735,4.698925023241873,4.97993669545612,4.8931395724829825,4.781630644122555,4.8678696368075345,4.80567203998719,4.726620328700198,4.862777631935611,4.64069693255003,4.755068792664208,4.822635257071542,4.747747044830503,4.793361485075533,4.836281906951478,4.910609941146663,4.7893099104345325,4.726991041317254,4.660460475541562,4.836281906951478,4.864839827155378,4.748194102133861,4.792426586151123,4.852478339268828,4.880925178527832,132.0
3.2580965380214817,3.2580965380214906,3.258096538021479,3.2580965380214817,3.2580965380214906,3.258096538021479,3.760339146948634,3.4518817962120916,3.158272683739419,3.395265431146857,3.396127227578514,3.509988443171099,3.5087841256673484,3.446002628005866,3.7001146582180735,3.7634203876398473,3.6896976559550403,3.1576879972179626,3.526069063391119,3.4518817962120916,3.2580965380214817,3.470250193710453,3.678142518212649,3.806212491006189,3.2580965380214817,3.9941999249269866,3.158354900703677,3.4695987701416016,3.707708935884239,3.5572781562805176,25.0
4.51085950651685,4.544030193660093,4.544030193660094,4.51085950651685,4.632224848811607,4.6677581126711525,4.767849331804778,4.544030193660099,4.847128303871669,4.657840111262777,4.5712154893231665,4.597672432451444,4.661371235501794,4.586118181045788,4.724513054243579,4.694275998647093,4.623862245832283,4.833071246513522,4.601187455176777,4.544030193660099,4.632224848811607,4.6660421685349736,4.661414973567033,4.682650267655701,4.51085950651685,4.5850625315345095,4.830530306916744,4.657649993896484,4.669086977205344,4.609283447265625,221.0
4.51085950651685,4.598138203947126,4.598138203947137,4.51085950651685,4.632224848811607,4.7399021263871965,4.80422956729402,4.5981382039471335,4.847214707485982,4.706397405161058,4.631077072245498,4.603395169533313,4.6947863226662605,4.630559494185004,4.7887685144239045,4.745969291501245,4.693936909533478,4.833071246513522,4.6102088952322875,4.5981382039471335,4.632224848811607,4.737958169647667,4.7392107529883924,4.7637173563822355,4.51085950651685,4.627394577669263,4.830530306916744,4.742992401123047,4.7131162625725,4.660971641540527,143.0
4.976733742420574,4.384247906681184,4.276774933265791,4.219507705176107,4.254646304677643,4.249446053784291,4.158342385822823,4.219507705176107,4.51119106322571,4.114108282459958,4.052647405695329,4.177020228317412,3.8766590775519254,4.209303025692017,4.166861996406328,4.219411434589196,3.850581446542405,4.3403404079032635,3.8310593205528183,4.477853076785301,4.430876039771975,3.471328009998079,3.6409160378988,3.7244006712232127,4.976733742420574,4.162099665174082,4.373888974244199,3.659466505050659,3.4142821588508396,3.5774168968200684,433.0
2.0794415416798357,3.8363062615902495,3.4176185650123085,2.0794415416798357,3.8667109612838675,3.8723083664774847,4.119209412908719,2.976875489724526,3.3847151856516424,4.571513470328718,3.151019344905217,4.2571690161711,4.22290479693131,4.561980043098871,4.348974921808175,4.7095320127357,3.5930293556066615,3.9485012975129314,3.6943547501780474,3.4395729703649898,3.6888794541139363,4.077643993238099,3.114958935508393,3.211336451721537,2.0794415416798357,3.3128490850260683,4.005547122902789,3.8984060287475586,4.539680360840445,3.8852641582489014,26.0
5.303304908059076,4.964445249793354,5.321021073822616,5.303304908059076,4.877667000770227,4.957309907299896,4.9902506214776725,5.366126859942995,5.191812970624274,5.084874248553594,5.550263451204333,5.262742744712799,4.9635453651870565,5.551823778129294,4.851377322299056,5.210726577755139,5.366885456286283,5.028641815040364,5.413888034676942,5.6350259746386335,6.011138000664765,4.878863732082949,4.660030447662271,4.600409131677253,5.303304908059076,5.419634922860937,5.0167047123326745,4.529507637023926,4.8941696796983445,4.830974578857422,186.0
4.532599493153255,4.493473394703381,4.493473394703384,4.532599493153255,4.493473394703381,4.493473394703384,4.731054952026048,4.493473394703381,4.433084317645836,4.51946690939881,4.586806526955565,4.520632386094894,4.521938317590016,4.605163763139287,4.759494001282089,4.78546484531286,4.814129746270717,4.632837200558633,4.5233252882852515,4.493473394703381,4.493473394703381,4.604651934768054,4.609128378953671,4.540593255677446,4.454347296253507,4.621789537010032,4.632772808461002,4.66385555267334,4.545865612126128,4.655898571014404,60.0
3.9318256327243257,3.9318256327243253,3.9318256327243257,3.9318256327243257,4.262398384919188,4.4226641731017216,4.231713530609638,4.031732316394746,4.031515641694483,4.474040856883332,3.9935163280051156,4.190406578217932,4.2515082559411015,3.9857831806146002,4.288238603924125,4.226995447941454,4.1838803957264785,4.154039892014785,4.076206710014978,3.9318256327243257,3.9318256327243257,4.5687118031271305,4.58182530267399,4.556476818746141,3.9318256327243257,4.588985683908495,4.173600554983737,4.084120750427246,4.6300973577575375,4.11247444152832,38.0
