rank,model,bf_set,params,LOOCV_RMSE_log1p,LOOCV_MAE_log1p,LOOCV_R2_log1p,LOOCV_MAPE_log1p,LOOCV_SMAPE_log1p,LOOCV_RMSE_orig,LOOCV_MAE_orig,LOOCV_R2_orig,LOOCV_MAPE_orig,LOOCV_SMAPE_orig
1,CB,BF2,"{'depth': 4, 'iterations': 100, 'learning_rate': 0.1}",0.6431333922807844,0.3866816625855251,0.5354151642080902,10.272723331778902,9.10437424638876,84.27800991859036,47.684851252030974,0.5055611921094187,62.99358846499803,34.86109562186931
2,ET,BF3,"{'criterion': 'squared_error', 'max_features': 0.7, 'min_samples_split': 2, 'n_estimators': 150}",0.6588992841019101,0.377288004128912,0.5123581356471694,9.928396193851572,8.825914019051298,85.69413995906837,47.88322266598398,0.4888054020609237,64.40867512398977,33.32421795547305
3,KNN,BF4,"{'n_neighbors': 1, 'weights': 'uniform'}",0.6686516389001484,0.4491395874540896,0.4978161539566541,10.446866758502004,10.296968612406207,95.51848643063812,59.46874999999999,0.3648754927818017,48.40476000306544,41.16303716935108
4,LGBM,BF2,"{'learning_rate': 0.05, 'max_depth': 3, 'min_child_samples': 5, 'n_estimators': 100}",0.6720528768787107,0.4465263102288451,0.4926942314477412,11.370664612987104,10.037770550410416,96.01705039972414,62.24268262646281,0.3582280553367489,78.59918142054,40.78416792314463
5,ET,BF2,"{'criterion': 'absolute_error', 'max_features': 0.7, 'min_samples_split': 8, 'n_estimators': 50}",0.6723607961545663,0.4193405666360031,0.4922292531223309,10.75607721680912,9.687245366366744,95.17091804756852,55.78873260275819,0.3694892085161415,65.95563033838641,37.65682269569625
6,CB,BF1,"{'depth': 4, 'iterations': 100, 'learning_rate': 0.1}",0.6752363881122879,0.4064858344568401,0.4878766379976318,10.792714190704212,9.53180725312409,87.62426730655929,50.22017432357522,0.4655183421582864,69.44608040221773,36.30597375449779
7,KNN,BF1,"{'n_neighbors': 1, 'weights': 'uniform'}",0.6817543629766112,0.43287729945456,0.4779419900754758,10.378580178598314,10.45513715091189,96.11549042688176,55.49999999999999,0.3569114468272877,46.33732907730139,39.33940119989851
8,CB,BF3,"{'depth': 4, 'iterations': 100, 'learning_rate': 0.1}",0.6840205977067859,0.4127043309576541,0.4744654523311202,10.78509617129807,9.659826289848883,89.6454295683879,51.067366775397815,0.4405770075072299,65.15560169292652,36.81677961293086
9,ET,BF1,"{'criterion': 'absolute_error', 'max_features': 0.7, 'min_samples_split': 10, 'n_estimators': 50}",0.6840295603374793,0.4279272303644038,0.4744516802226733,10.877953011103694,9.858947568878786,99.75347190366472,57.91699085556711,0.3073081990612256,65.49988787697527,38.38338873224246
10,LGBM,BF4,"{'learning_rate': 0.1, 'max_depth': 3, 'min_child_samples': 5, 'n_estimators': 25}",0.6928385862410484,0.4775766840427782,0.4608283541519763,12.095628300985409,10.68290719802634,102.38950359903625,66.83346529607414,0.2702150855291831,85.17918774634715,43.68979111841303
11,LGBM,BF1,"{'learning_rate': 0.1, 'max_depth': 2, 'min_child_samples': 5, 'n_estimators': 50}",0.6999638000849098,0.4558932156785759,0.4496815513815766,11.705732163872277,10.350197420536444,100.77381328360518,62.334095998928085,0.2930651496533117,83.26242748228589,41.22750887705543
12,ET,BF4,"{'criterion': 'squared_error', 'max_features': 0.7, 'min_samples_split': 8, 'n_estimators': 50}",0.7029680014907638,0.4409768948811166,0.4449475485153644,11.183442506147683,10.054316107089456,99.9975224423579,59.90443813320282,0.3039146609783903,70.89181724502296,39.32006131809933
13,KNN,BF3,"{'n_neighbors': 1, 'weights': 'uniform'}",0.7030421742796925,0.4708855893240566,0.444830411006316,11.179238235348691,11.297459816047317,96.18926655297876,58.625,0.3559238268154469,49.39539859456127,43.03310152664282
14,SVR_rbf,BF1,"{'C': 32.0, 'gamma': 1.0}",0.70385444248716,0.4506732616227989,0.4435468262465829,11.855304111601924,10.379459274171404,97.25209744941978,57.81060238471585,0.3416119192227091,81.50403555176614,40.56315967250033
15,KNN,BF2,"{'n_neighbors': 1, 'weights': 'uniform'}",0.7055873950010809,0.4727342465380493,0.4408033782466769,11.21659420441858,11.328446803305726,97.8263768111648,59.3125,0.3338133206472745,49.8864700231327,43.18061110518688
16,LGBM,BF3,"{'learning_rate': 0.05, 'max_depth': 3, 'min_child_samples': 5, 'n_estimators': 50}",0.7090210738727224,0.4908831058806466,0.4353475732209331,12.365430322798224,10.937931014907004,105.79401201226334,69.17222592390445,0.2208767201610822,88.32509571246818,44.79362199763964
17,MLP,BF3,"{'activation': 'tanh', 'alpha': 0.01, 'hidden_layer_sizes': (8,), 'learning_rate_init': 0.001}",0.7100385002414505,0.496143266535713,0.4337258881119478,10.969669586930095,11.11441690326878,114.05429852233424,68.9216425783942,0.0944606601747698,46.62302151608953,45.43786067177823
18,SVR_rbf,BF3,"{'C': 32.0, 'gamma': 1.0}",0.7105695159444017,0.4573171177351217,0.4328785738107128,11.959151858547914,10.538955285240249,98.2592570300789,58.01546954973189,0.3279045446826619,80.62164502367804,41.13654570329481
19,SVR_rbf,BF2,"{'C': 4.0, 'gamma': 1.0}",0.7146955300599528,0.4587616875844798,0.4262733238762751,12.00594352626804,10.568155884082492,98.607815254361,58.16492814594412,0.3231277956543017,81.57326487781074,41.207283365395554
20,RF,BF3,"{'criterion': 'absolute_error', 'max_features': 0.7, 'min_samples_split': 2, 'n_estimators': 150}",0.7176697244107546,0.407985299800598,0.4214882787965326,10.651894512882569,9.534726628233756,95.00609595204358,52.26993339514628,0.3716712221626277,68.64658860505206,35.505035552065166
21,SVR_poly,BF3,"{'C': 0.25, 'degree': 3, 'gamma': 0.25}",0.7268883104240818,0.5173313760777443,0.4065306683602925,13.319449706466049,11.649470436938548,130.20702133833578,77.50988252240919,-0.1801924028677333,92.28978797681047,47.272475783934645
22,CB,BF4,"{'depth': 4, 'iterations': 100, 'learning_rate': 0.1}",0.7339505348205323,0.4307575478286546,0.3949427151453865,11.208352070940682,9.905489601055676,91.02351875175964,53.18332299139451,0.4232451604794289,80.42211693208195,37.60080178989862
23,RF,BF2,"{'criterion': 'absolute_error', 'max_features': 0.7, 'min_samples_split': 8, 'n_estimators': 150}",0.7360368945994314,0.4343409417988795,0.3914979014881649,11.330855682435246,10.004602448495978,100.38920654573492,57.22064347524293,0.2984509350158267,79.69338496826498,37.90163911544648
24,SVR_rbf,BF4,"{'C': 4.0, 'gamma': 1.0}",0.7367281296130521,0.4714508565297964,0.3903544385256231,12.24966238934554,10.772843746198184,101.74045613489756,61.39574231488091,0.2794379794628397,87.5543422982382,41.99795752751738
25,SVR_poly,BF4,"{'C': 0.25, 'degree': 2, 'gamma': 0.25}",0.7383319618552652,0.5155834466389787,0.3876971937327825,13.189466877867162,11.677829199174685,107.80888480134234,66.86287072062186,0.1909169293474588,90.29263039423104,46.79135877880852
26,RF,BF1,"{'criterion': 'absolute_error', 'max_features': 0.7, 'min_samples_split': 8, 'n_estimators': 150}",0.7429566257145136,0.4392893673117005,0.3800026519852304,11.496961627980887,10.089194576117864,99.96096359417088,57.825856465670135,0.3044235421133558,84.37695457511508,38.256379731648735
27,SVR_poly,BF1,"{'C': 1.0, 'degree': 2, 'gamma': 0.25}",0.7443945240803115,0.5020896047217887,0.3776004771377729,12.83062168534967,11.325814483147091,182.57435393653336,84.13247321080556,-1.32040371337176,88.94266608819291,45.12922447520083
28,MLP,BF1,"{'activation': 'tanh', 'alpha': 0.01, 'hidden_layer_sizes': (16, 8), 'learning_rate_init': 0.001}",0.7477595350978834,0.4612685020064147,0.3719606854017568,11.319546880989884,10.604622297723694,100.73492189988166,60.045677904050486,0.2936106955318378,63.95754219522931,40.66630247948381
29,SVR_poly,BF2,"{'C': 0.25, 'degree': 3, 'gamma': 0.25}",0.760882377209027,0.5449099561270627,0.3497236450516332,13.753554919385929,12.062200822529274,226.9981633638584,100.53593035849096,-2.586977838485277,98.91397592425965,49.4422289785579
30,HGB,BF1,"{'learning_rate': 0.05, 'max_iter': 100, 'max_leaf_nodes': 7, 'min_samples_leaf': 5}",0.7615422436416383,0.4448133996749398,0.348595266696506,11.222809232092596,10.221160748120822,99.63911429708534,55.740260423576586,0.3088954956045253,72.67087564349521,38.46275179006452
31,XGB,BF4,"{'learning_rate': 0.05, 'max_depth': 4, 'n_estimators': 25}",0.7663583325505351,0.4731418560052857,0.3403300831580609,12.405630168538744,10.768349878297876,102.00253183972973,62.30906510769246,0.2757209719385368,97.74173850793233,41.44258023968862
32,XGB,BF1,"{'learning_rate': 0.05, 'max_depth': 4, 'n_estimators': 25}",0.7673674586037039,0.4783778929606499,0.3385916577888713,12.513783332246373,10.86848337836216,102.4227781077333,63.35679634195578,0.2697406779110427,97.72936336440164,41.9741418975905
33,XGB,BF3,"{'learning_rate': 0.05, 'max_depth': 2, 'n_estimators': 100}",0.7687968145477111,0.4702275495758877,0.336125385835727,12.17244020917224,11.019133605837194,99.64250465592514,59.01861188531268,0.3088484632288222,83.15988984801521,41.16965762630454
34,XGB,BF2,"{'learning_rate': 0.05, 'max_depth': 4, 'n_estimators': 25}",0.7702660919004952,0.4860536860393314,0.3335854481180323,12.687707492340556,11.032249129831726,102.64557548093752,64.21037186622823,0.2665601975544337,98.7981544944722,42.720588678449566
35,RF,BF4,"{'criterion': 'absolute_error', 'max_features': 0.7, 'min_samples_split': 8, 'n_estimators': 150}",0.7744656162279425,0.4841244605342797,0.326298996688611,12.326894593027117,11.030693268447422,104.30974021472323,64.23663806653963,0.2425852918886224,86.79107869241038,42.30554839952505
36,DT,BF2,"{'criterion': 'squared_error', 'max_features': 0.7, 'min_samples_split': 10}",0.7757399830567183,0.4577194689838029,0.3240800510061319,11.732514484970864,10.545766434325031,98.5348371187159,57.67970804618547,0.3241293104425822,79.10457920552969,39.5092343737039
37,HGB,BF2,"{'learning_rate': 0.05, 'max_iter': 50, 'max_leaf_nodes': 7, 'min_samples_leaf': 5}",0.7810752118684082,0.4884065051419184,0.3147506658460974,12.16373938050166,11.011079927296835,106.58388717976544,65.36913116903682,0.2091991687553316,82.41879162262543,42.70760927541753
38,HGB,BF4,"{'learning_rate': 0.05, 'max_iter': 50, 'max_leaf_nodes': 7, 'min_samples_leaf': 5}",0.7920969975775424,0.4935892402724829,0.2952750526484414,12.348342617304883,11.095693008345297,108.87948718240192,66.81251358101528,0.1747678481419144,88.01735681188785,42.92937682508376
39,SVR_linear,BF1,{'C': 0.03125},0.7962241790936027,0.6001319053509362,0.2879120525252548,14.579678986058326,13.422927774594116,122.56943839318993,80.56299432801954,-0.0457994260882534,85.10297172945234,54.6611112126874
40,HGB,BF3,"{'learning_rate': 0.05, 'max_iter': 50, 'max_leaf_nodes': 7, 'min_samples_leaf': 5}",0.8016287704905466,0.5083565687507492,0.2782122568524305,12.648960614191548,11.400061909354738,111.51142862195763,68.85488335716494,0.1343890007064262,89.80310591752136,44.32235452982078
41,Elastic,BF4,"{'alpha': 0.1, 'fit_intercept': True, 'l1_ratio': 0.4}",0.8147358498143408,0.6081301366104419,0.254416025901741,14.708888559847583,13.406709016138088,125.05142196085949,85.35541953624305,-0.0885823179484719,92.24573559867736,55.07440025892312
42,SVR_sigmoid,BF1,"{'C': 1.0, 'gamma': 0.03125}",0.8156529662155078,0.6169618154392718,0.2527365315046206,14.959674999483877,13.753399142249748,126.26070690773918,83.34919525623131,-0.1097379547614714,89.03546073558635,56.01993957760833
43,Ridge,BF1,"{'alpha': 10.0, 'fit_intercept': True}",0.8158674513242667,0.631689375516602,0.2523434771880053,15.187921923146057,14.026051414576948,133.08686993332304,89.42271856167142,-0.2329754484800845,90.01202195484065,57.58092673067199
44,Ridge,BF4,"{'alpha': 10.0, 'fit_intercept': True}",0.8163798422343935,0.6221188677874487,0.2514040777727718,15.18648780285493,13.832919426196677,123.44204385951812,84.19272101444119,-0.0607430976440872,94.49161822715344,56.55869625327424
45,Lasso,BF4,"{'alpha': 0.1, 'fit_intercept': True}",0.8226863054713657,0.6181417306766752,0.2397937291423015,15.00708422132757,13.69122775727435,126.8403669101336,85.53293364023186,-0.1199509076557512,93.16062779120593,55.953740494652905
46,GB,BF3,"{'learning_rate': 0.1, 'max_depth': 2, 'n_estimators': 50}",0.8232750517782986,0.460337416547548,0.2387052734812426,12.219811766320964,10.767913608927122,98.53737574174676,55.23185185626912,0.3240944841202173,96.49033670612008,38.7286324588032
47,Ridge,BF3,"{'alpha': 10.0, 'fit_intercept': True}",0.8233640866752904,0.6425626711549053,0.2385406007813579,15.589196081623763,14.33160012755057,122.1537121623264,85.60061008824127,-0.0387172537662947,93.24125148933764,58.58164089376656
48,LR,BF4,{'fit_intercept': True},0.8258347357571001,0.6181888782409114,0.2339639582471654,14.802664106016994,13.564927843638424,127.6731702421752,87.9792139258085,-0.1347058442509336,92.88150981331916,55.82594590270267
49,Elastic,BF3,"{'alpha': 0.1, 'fit_intercept': True, 'l1_ratio': 0.4}",0.8273938860084171,0.6333017266863252,0.2310687234078463,15.207724535806092,13.997131079844957,124.36592049560927,87.66768781503805,-0.0766803427287186,92.19542442297993,57.44037954125969
50,SVR_linear,BF4,{'C': 0.25},0.832071427334239,0.6218291720740461,0.222350083845159,14.71734497058037,13.553978666460251,135.43450855808518,91.47259515857348,-0.2768582273084772,91.92647838061792,55.97068933620592
51,GB,BF1,"{'learning_rate': 0.05, 'max_depth': 4, 'n_estimators': 25}",0.8324626813604284,0.4669877288313647,0.2216185836771633,12.439307560370748,10.68551948740741,101.0148560011136,59.87386410770274,0.2896792444247408,113.61168896556288,39.10100886694449
52,GB,BF2,"{'learning_rate': 0.05, 'max_depth': 4, 'n_estimators': 25}",0.8364360437941307,0.4757240439332936,0.2141703880318112,12.572582726577618,10.877667791240489,100.79571137765878,60.26809839575776,0.292757883166254,111.14101114147311,39.94247946165146
53,Lasso,BF3,"{'alpha': 0.1, 'fit_intercept': True}",0.8395759121938869,0.6355711615214663,0.2082595171855633,15.362908985248003,14.098390163564966,127.83572237587394,86.9208944567688,-0.1375970746468326,93.90325680890952,57.391228892756
54,MLP,BF2,"{'activation': 'relu', 'alpha': 0.01, 'hidden_layer_sizes': (16,), 'learning_rate_init': 0.001}",0.8420232369316046,0.5808608904324043,0.2036370164316705,13.725398180327751,13.02992436952386,180.3108338968984,97.50161126822437,-1.2632245769110213,80.84903817181826,51.41633240490058
55,MLP,BF4,"{'activation': 'tanh', 'alpha': 0.01, 'hidden_layer_sizes': (16,), 'learning_rate_init': 0.001}",0.845553688599057,0.5731755059845594,0.1969450036697518,13.749621944990192,12.763810191859887,120.73613221236717,76.40636877813866,-0.0147487499258607,85.68958416334905,50.38450377771066
56,LR,BF3,{'fit_intercept': True},0.8463461785038292,0.6393569876212484,0.1954389817028571,15.055093650689802,13.984513132954584,129.10554658856296,92.0082537549653,-0.160309393434894,90.37235928973524,57.62911454496143
57,Elastic,BF1,"{'alpha': 0.1, 'fit_intercept': True, 'l1_ratio': 0.4}",0.8492189903267102,0.6426045191122803,0.189967756672999,15.235570036609367,14.105152719064174,149.68113701123545,96.28051310442876,-0.5596176944975921,93.05839210563518,57.88624217417389
58,SVR_sigmoid,BF4,"{'C': 1.0, 'gamma': 0.03125}",0.8506713809231305,0.6613450428272871,0.1871946456705434,16.3004749191331,14.819793231255604,126.71580251601556,86.01063012259738,-0.117752277861977,101.28669820804068,59.953540042937256
59,Ridge,BF2,"{'alpha': 10.0, 'fit_intercept': True}",0.8627429156360893,0.6801344384441225,0.1639625822015937,16.29347543347839,14.950060692747996,153.5768957233191,100.50312752051514,-0.6418586922703369,102.29246884731155,61.66014546454015
60,GB,BF4,"{'learning_rate': 0.05, 'max_depth': 4, 'n_estimators': 25}",0.8642386245076186,0.4915777124163425,0.1610612485410786,13.078389234645924,11.198808787882788,103.44058596266092,62.30876558298284,0.2551549243862394,131.21797488869024,40.95498038307422
61,Lasso,BF1,"{'alpha': 0.1, 'fit_intercept': True}",0.8648578003082813,0.6603404171853824,0.1598587180449985,15.746179650962924,14.524942252222292,144.34223976951878,95.9764821188148,-0.4503435462887806,96.26128956097077,59.46159410461178
62,Lasso,BF2,"{'alpha': 0.1, 'fit_intercept': True}",0.8684289168485779,0.6701287639929565,0.1529062765373758,16.00817883249283,14.683508345848766,150.61705060204503,99.62818607624054,-0.5791823620113006,100.77784250371232,60.405131419050505
63,Elastic,BF2,"{'alpha': 0.1, 'fit_intercept': True, 'l1_ratio': 0.9}",0.8700815729316526,0.670866554285042,0.149679100073016,15.99843685838952,14.679618839510056,154.18792481912513,100.829885407799,-0.654949452649872,101.12875792791382,60.43474309256946
64,SVR_linear,BF3,{'C': 0.03125},0.8713360372938819,0.6663076215869932,0.1472253847688767,16.487692595338295,14.918360483312416,128.66443388950125,86.53448813073612,-0.1523941202932037,106.34438659968528,59.92722625856183
65,SVR_sigmoid,BF3,"{'C': 1.0, 'gamma': 0.03125}",0.8797672973727387,0.6742196995162344,0.1306422292786864,16.633641706498594,15.081388560970604,130.4245799404374,87.56825835385006,-0.184139586567559,106.81071284074636,60.5715374538885
66,SVR_linear,BF2,{'C': 0.03125},0.8868575604862401,0.6975495398340954,0.1165730228951537,16.990032466328444,15.490340190592006,133.831141101904,93.0635760289653,-0.2468045219050381,108.45406254176396,62.90096317481506
67,SVR_sigmoid,BF2,"{'C': 1.0, 'gamma': 0.03125}",0.8994196208758616,0.708682928163961,0.0913688390446902,17.169257030597123,15.703802847945065,137.29527865231583,95.07625603229197,-0.3121854338952481,109.07090130712946,63.77958320942858
68,DT,BF3,"{'criterion': 'absolute_error', 'max_features': 0.7, 'min_samples_split': 8}",0.9026348038560752,0.5184893240288122,0.0848610044080326,13.60434238221596,12.494303900957364,98.1520843055002,58.27092873865864,0.3293698726543697,116.37968276982096,42.77292851718
69,AB,BF3,"{'learning_rate': 0.05, 'n_estimators': 50}",0.9220300144594408,0.4968819090528772,0.0451106953345484,13.650390781391115,11.110578758109874,120.00479266834198,67.89381018600874,-0.0024926303882182,207.04988913373708,40.13014209359945
70,AB,BF4,"{'learning_rate': 0.05, 'n_estimators': 50}",0.9281317600305496,0.4778643016280227,0.0324304776243229,13.267484093206258,10.631988141308714,121.51400341822374,66.17988592749793,-0.0278663906319582,223.63317984497567,37.93536757255038
71,DT,BF4,"{'criterion': 'absolute_error', 'max_features': 1.0, 'min_samples_split': 10}",0.929954855175473,0.497412013002676,0.0286256218340321,13.734648668779482,11.177012437259478,119.39832208604398,65.95482458357755,0.0076143993359532,224.08600017515755,39.97095900524502
72,AB,BF2,"{'learning_rate': 0.1, 'n_estimators': 25}",0.9301793948822544,0.490761077786192,0.0281564841147829,13.57885771068457,10.920340740673302,120.38446714198083,67.34222686566923,-0.0088460928239135,225.1687397223868,39.262682043112335
73,AB,BF1,"{'learning_rate': 0.1, 'n_estimators': 50}",0.9376248079442498,0.50709377318139,0.0125364112022894,13.885783226680816,11.226528985518636,123.91248399158768,70.8731474701863,-0.0688435306504924,227.26198668582455,40.81014278334517
74,DT,BF1,"{'criterion': 'squared_error', 'max_features': 0.7, 'min_samples_split': 8}",0.9583056687890396,0.5176449741918999,-0.0315042602663147,14.165715920496924,11.506249951513343,126.14235955252988,71.14004466992162,-0.1076585588268665,228.69698027457704,41.420044426062894
75,LR,BF1,{'fit_intercept': True},1.412942385527011,0.8030458045996637,-1.2423934606881692,18.20425999216342,15.923922232588533,14903.059305623823,2715.139690730432,-15459.903381826787,1959.3841650837887,59.90229180134881
76,LR,BF2,{'fit_intercept': True},1.5013281409762858,0.8619598518253793,-1.531711194040612,19.48450429901384,16.752521721048165,25016.804171412077,4513.185432771634,-43564.997750363626,3247.235224386919,63.94067709261366
