Temperature,Applied voltage,Reactor working volume,Current density
20,0.8,120,26.0
30,0.6,28,160.0
25,0.8,140,7.0
30,1.1,350,312.0
30,0.6,28,103.0
33,0.9,95,131.0
30,0.6,28,179.0
20,0.7,25,39.0
20,0.7,25,39.0
30,0.6,48,186.0
30,0.8,28,136.0
30,0.8,28,153.0
30,0.8,28,194.0
30,0.5,250,140.0
30,0.9,34,60.0
20,0.7,25,22.0
30,0.9,34,92.0
30,1.0,500,382.0
23,0.9,28,433.0
30,0.6,28,200.0
30,0.9,28,143.0
30,0.6,28,270.0
30,0.9,34,85.0
33,1.0,40,163.0
35,0.5,100,68.0
30,1.0,50,360.0
30,0.9,28,85.0
30,1.0,50,460.0
30,0.6,28,139.0
30,0.9,28,105.0
20,0.7,25,24.0
20,0.7,25,31.0
