rank,model,mf_level,params,LOOCV_RMSE_log1p,LOOCV_MAE_log1p,LOOCV_R2_log1p,LOOCV_MAPE_log1p,LOOCV_SMAPE_log1p,LOOCV_RMSE_orig,LOOCV_MAE_orig,LOOCV_R2_orig,LOOCV_MAPE_orig,LOOCV_SMAPE_orig
1,SVR_sigmoid,MF2,"{'C': 4.0, 'gamma': 0.03125}",0.5349233760356848,0.3427556402920503,0.6785998571941583,8.194023658224383,7.916667150432338,85.96014638438564,48.28946571886823,0.4856268393338971,37.09520162352858,32.11350121530066
2,SVR_sigmoid,MF3,"{'C': 4.0, 'gamma': 0.03125}",0.5383987110618648,0.4561644983949251,0.6744100922805871,9.856674235273596,9.728613959808904,105.53229784855972,72.97166135804977,0.2247267562741128,50.020724550163024,44.40538074391848
3,DT,MF6,"{'criterion': 'squared_error', 'max_features': 0.7, 'min_samples_split': 4}",0.5966681509894484,0.3757165558355882,0.6001209746309379,9.984613002052576,9.143581838490372,75.95874677064513,45.764564257234326,0.5983575677960417,57.82694625702336,34.71946199341473
4,SVR_rbf,MF2,"{'C': 4.0, 'gamma': 0.0009765625}",0.6352948177463902,0.3835364761274316,0.54667096372857,10.100107746362347,8.958816487540256,88.85763107003238,49.70069967816539,0.4503661538812958,61.74482563153143,34.640667250131905
5,SVR_rbf,MF3,"{'C': 4.0, 'gamma': 0.0009765625}",0.6444738008608669,0.4005484262936674,0.533476585203251,10.426619959698408,9.32487503572443,90.05250780506877,51.585958902331896,0.4354848130058611,62.77466380118712,36.25261795366729
6,SVR_sigmoid,MF4,"{'C': 0.25, 'gamma': 0.03125}",0.6510275142479466,0.4274893602662317,0.523940102743637,10.635334290484195,9.88321159907269,97.55324476830778,57.07510083705196,0.3375281248128462,55.48430967788765,39.05619398567872
7,SVR_sigmoid,MF1,"{'C': 1.0, 'gamma': 0.03125}",0.6516327721443698,0.3981134259054661,0.5230545089812595,10.486392032622422,9.351252400571571,88.34822283406865,49.42993383990086,0.456650036059635,63.85354655482044,35.86361916576859
8,SVR_sigmoid,MF5,"{'C': 0.25, 'gamma': 0.03125}",0.6564656375330596,0.4303004383519909,0.5159536967593359,10.57974296239066,9.88053214329231,98.9982580014214,58.49775964866516,0.3177569625809364,55.11382353145067,39.20953201331566
9,SVR_rbf,MF4,"{'C': 4.0, 'gamma': 0.0009765625}",0.6568253366803649,0.4082838801911351,0.5154231016050361,10.611901934269389,9.497688865697103,91.6722472973728,52.59459652457186,0.414994751110995,64.17511386366134,36.8452355004657
10,SVR_linear,MF1,{'C': 0.03125},0.6579864904348,0.4020660633640193,0.5137082906694395,10.639987006785592,9.48113356789953,87.87654974472768,48.96521916633036,0.4624362177200088,65.2500529355567,36.17837156576469
11,SVR_rbf,MF1,"{'C': 1.0, 'gamma': 0.03125}",0.6581957510100247,0.4060388140800176,0.5133989291064815,10.55966019938527,9.476760904050966,87.21535879913625,50.46908341962524,0.4704951402533153,64.0698268015638,36.49766408837581
12,SVR_rbf,MF5,"{'C': 4.0, 'gamma': 0.0009765625}",0.6611860383324327,0.4061971219934797,0.5089674743802974,10.683924080207229,9.506277086873409,89.49906009009722,50.70771556189412,0.4424023231925923,66.33953732894246,36.5381355209115
13,SVR_linear,MF2,{'C': 0.03125},0.6640761886309939,0.4131093091283719,0.5046653282328211,10.677678249421051,9.696157676389596,88.67624508959612,51.31571074402632,0.4526078098372824,61.90111634601133,37.1995881168039
14,SVR_linear,MF3,{'C': 0.03125},0.6685862887105501,0.4237044056905297,0.497914310317696,10.821997020019875,9.918951523501358,89.04625472116052,52.69307226111579,0.4480301928800821,61.06806600741224,38.21386718161656
15,SVR_sigmoid,MF6,"{'C': 0.25, 'gamma': 0.03125}",0.6732402649011919,0.4485538342741232,0.4909000246259588,10.948326831153407,10.302794099220325,101.21716270841102,60.4834231671172,0.2868312167472608,55.82287438603086,40.86427827308251
16,SVR_rbf,MF6,"{'C': 4.0, 'gamma': 0.0009765625}",0.6790221044251972,0.4275451206453327,0.4821180959033225,11.201304520477883,10.040524128915273,89.96791443709063,52.41611921254553,0.4365449014466654,68.80182230745825,38.48705159989169
17,SVR_linear,MF4,{'C': 0.03125},0.7035535528849354,0.4448297036103021,0.4440224790992296,11.3593483912683,10.360098228461778,91.41356801154043,55.38451906384776,0.418291609995401,67.39143768523304,39.71715135785588
18,KNN,MF1,"{'n_neighbors': 2, 'weights': 'uniform'}",0.7055575038850733,0.3848244459090593,0.4408507562388507,9.838729549927304,8.881459849611769,87.62455983920472,48.67495571953141,0.4655147734301451,63.16575214709206,33.13883847474046
19,DT,MF1,"{'criterion': 'absolute_error', 'max_features': 1.0, 'min_samples_split': 2}",0.7081081170012926,0.3931746146307727,0.4368007639459816,9.568124224268765,8.96082446857077,91.812989277117,53.75,0.4131970860043136,53.75603023915173,34.084054120922474
20,DT,MF5,"{'criterion': 'squared_error', 'max_features': 0.7, 'min_samples_split': 2}",0.709120602967351,0.3955157567293972,0.4351890355091776,9.724125430158413,9.053088341633336,93.09487767863492,53.21875,0.3966968706082503,55.38047650062723,34.40953439943025
21,ET,MF1,"{'criterion': 'absolute_error', 'max_features': 0.7, 'min_samples_split': 10, 'n_estimators': 50}",0.7097539228816525,0.4268218791323796,0.4341797127935654,11.115387961694704,10.001920009566746,87.78694330267625,50.67033819751066,0.4635319507532235,70.94734000381517,37.62011218326949
22,SVR_linear,MF5,{'C': 0.03125},0.7111052279735063,0.4369355986934667,0.4320231239534475,11.289815109924763,10.201094149546456,89.65783713741659,53.92908072749915,0.4404221404989161,69.72516888344565,38.74559246672633
23,KNN,MF6,"{'n_neighbors': 2, 'weights': 'distance'}",0.7123054763259948,0.3594257737121036,0.4301041713082016,9.214812211030717,8.328342431261476,87.05231352784232,45.38163975499437,0.4724730617244864,59.53132449518823,30.30106751857357
24,Ridge,MF1,"{'alpha': 10.0, 'fit_intercept': True}",0.7128765509263436,0.419983611283618,0.429190003143871,10.986366153443209,9.808742172363983,91.04223369578244,51.28112071647802,0.4230079680629819,71.89280444712922,36.84411914797796
25,KNN,MF3,"{'n_neighbors': 2, 'weights': 'uniform'}",0.7168890597877988,0.4062079211916508,0.4227461777616232,10.21451112170939,9.297632321422766,94.84781476447677,53.79178673789215,0.3737630833125046,64.3115275029396,35.20547607824562
26,DT,MF3,"{'criterion': 'squared_error', 'max_features': 0.7, 'min_samples_split': 8}",0.7178800895105837,0.4181475486664759,0.421149079557246,10.381742394024226,9.774750994397731,92.36367280006824,51.64953886919028,0.4061368261332018,57.69449600676344,36.57109779908377
27,ET,MF2,"{'criterion': 'absolute_error', 'max_features': 1.0, 'min_samples_split': 10, 'n_estimators': 50}",0.7225809232192496,0.446568759352864,0.4135433775054994,11.572163296718069,10.399724634447413,90.3065771436698,54.8612387281804,0.4322949334362386,75.07532424013212,39.44966685290447
28,RF,MF3,"{'criterion': 'absolute_error', 'max_features': 0.7, 'min_samples_split': 10, 'n_estimators': 50}",0.72319188873354,0.4335987536101841,0.4125512221922801,11.229327617377503,10.0371383816721,94.28866851198636,55.32733244016472,0.3811248955227077,73.64197139171536,38.07770242677752
29,KNN,MF5,"{'n_neighbors': 3, 'weights': 'distance'}",0.723500644582892,0.3481457752391069,0.4120495103575101,9.081987967194976,8.041798564228007,88.19441688902074,44.30614653275136,0.4585402316485679,64.41765001028239,28.854516426598387
30,SVR_linear,MF6,{'C': 0.03125},0.7246559625104637,0.44193459116394,0.410170280282657,11.430315489788429,10.304278662911138,90.34005446601246,54.57543849051942,0.4318739504070209,72.30219242858008,38.978574793184805
31,RF,MF2,"{'criterion': 'absolute_error', 'max_features': 0.7, 'min_samples_split': 8, 'n_estimators': 150}",0.7253126191645257,0.4384350953019101,0.4091008318385334,11.366648754019382,10.228341299620167,91.15051369937711,53.46479496588562,0.4216346745987041,73.22968670187998,38.54132605460715
32,KNN,MF2,"{'n_neighbors': 5, 'weights': 'distance'}",0.7265502280437973,0.3748445832424529,0.4070825959708726,9.859256081630557,8.586639303232445,89.19843760430477,48.0164699361356,0.4461419127595821,75.09374084538463,31.621110100033437
33,RF,MF6,"{'criterion': 'absolute_error', 'max_features': 1.0, 'min_samples_split': 10, 'n_estimators': 150}",0.7278672853296269,0.4416257889737838,0.404931020065028,11.459511420666113,10.170225474994048,97.98285492140748,57.74082044572657,0.3316804193282583,79.38467244031771,38.83977277866117
34,XGB,MF1,"{'learning_rate': 0.05, 'max_depth': 4, 'n_estimators': 25}",0.7287990336242944,0.4540455625697291,0.4034065405366748,11.594000801453404,10.496378547251132,101.1374384820916,58.19356935961967,0.2879542365231563,71.25667279858322,40.28245147668099
35,SVR_poly,MF3,"{'C': 0.25, 'degree': 3, 'gamma': 0.03125}",0.7290417698435041,0.5138152839618193,0.4030090675699771,13.415004145401635,11.656044626107104,113.80606641703623,72.56394199772112,0.0983980711363418,99.04209514735616,46.81920217921934
36,SVR_poly,MF5,"{'C': 0.25, 'degree': 3, 'gamma': 0.03125}",0.7291204092305977,0.4946014224825433,0.4028802696465118,13.220730342373932,11.371638554921375,119.53592217764054,70.6015035291743,0.0053257401361858,103.27212770558066,44.7796263840092
37,DT,MF2,"{'criterion': 'squared_error', 'max_features': 1.0, 'min_samples_split': 8}",0.7293713652030471,0.4372741321580316,0.4024691535968963,10.79256113788642,10.182525690680354,93.62725255360182,53.65498855109783,0.3897770099196667,59.736465573071975,38.41278037225804
38,RF,MF1,"{'criterion': 'absolute_error', 'max_features': 0.7, 'min_samples_split': 10, 'n_estimators': 150}",0.730481742526087,0.4429013827376988,0.4006484357297831,11.532400915625216,10.301156477893532,91.97450479785635,53.99848324954053,0.4111306868045818,77.45363086334977,38.92653371543658
39,SVR_poly,MF2,"{'C': 1.0, 'degree': 3, 'gamma': 0.03125}",0.7307172689975363,0.5029778126991298,0.4002618800960877,13.433592372551423,11.495710593743198,109.08074457381971,69.42478275988073,0.1717142413907283,102.599590206049,45.66423072597612
40,ET,MF6,"{'criterion': 'absolute_error', 'max_features': 1.0, 'min_samples_split': 10, 'n_estimators': 50}",0.7308471731009963,0.4472307131514347,0.4000486228727699,11.57187258738298,10.422241181872709,90.40013510604092,54.598890386246914,0.4311180348371929,75.19072709196575,39.3447408682439
41,RF,MF5,"{'criterion': 'absolute_error', 'max_features': 1.0, 'min_samples_split': 10, 'n_estimators': 50}",0.7311198237779394,0.4344682380101565,0.3996009022896797,11.390068913999492,10.07824782704678,96.1431748516404,55.397279722535885,0.3565409321352929,79.1179664373688,38.01212325928251
42,Ridge,MF2,"{'alpha': 10.0, 'fit_intercept': True}",0.7318941120082024,0.41076198149063,0.3983285304978989,10.694640720341258,9.597602454415542,90.8331266230876,50.38157365149201,0.425655410925391,70.44163303755388,35.41068499739293
43,SVR_poly,MF4,"{'C': 0.25, 'degree': 3, 'gamma': 0.03125}",0.7322147184216593,0.5086662849863529,0.3978012903448752,13.421801149956794,11.567726396988512,123.80467996808434,74.06286905355758,-0.06698454911508,101.8862910319392,46.23806412515246
44,SVR_poly,MF1,"{'C': 4.0, 'degree': 3, 'gamma': 0.03125}",0.7328867361392912,0.50929311423825,0.3966954018638606,13.496884704843126,11.575662235005128,104.83094129057643,69.36221549350402,0.2349972830311664,102.40672612314016,46.25027631199149
45,XGB,MF2,"{'learning_rate': 0.05, 'max_depth': 4, 'n_estimators': 25}",0.7362786713870325,0.4605910466357386,0.3910980686881785,11.772299647790463,10.630745994257175,101.4898745017916,58.923410031238014,0.2829830245725031,73.88215980722266,40.81089199828733
46,GB,MF6,"{'learning_rate': 0.05, 'max_depth': 4, 'n_estimators': 25}",0.7373735271484254,0.3993289083633906,0.3892858324267083,10.741978612225418,9.273449368140362,93.36541080304112,50.59685750054544,0.3931853856951368,84.02473428102051,34.08080600084321
47,SVR_poly,MF6,"{'C': 0.25, 'degree': 3, 'gamma': 0.03125}",0.741594622501027,0.5008757032242654,0.3822737518861747,13.332623290349188,11.51257984006563,118.71805020071696,70.78820861555695,0.0188904180190759,103.93088828737172,45.15973583561248
48,LGBM,MF6,"{'learning_rate': 0.1, 'max_depth': 2, 'min_child_samples': 10, 'n_estimators': 25}",0.7433736787886207,0.4481261077046555,0.3793063949908475,11.737019501489694,10.39132710784078,100.79748002890648,57.62904933187036,0.2927330631494168,79.25776595391756,39.28855981818936
49,KNN,MF4,"{'n_neighbors': 5, 'weights': 'distance'}",0.7446548046058094,0.3884493042185214,0.3771651520746608,10.148664403749615,8.77822001189385,93.95955373308564,52.39364315129569,0.385437724880125,81.81072710693743,32.67648081423051
50,RF,MF4,"{'criterion': 'absolute_error', 'max_features': 0.7, 'min_samples_split': 8, 'n_estimators': 150}",0.745560997522332,0.4659222531814427,0.3756483366408518,12.072802446120429,10.756132542228777,95.91077593852717,58.79109750168932,0.3596479327914323,82.11405206614816,41.02936287676636
51,Elastic,MF2,"{'alpha': 0.1, 'fit_intercept': True, 'l1_ratio': 0.4}",0.7467900919780908,0.4166004231438671,0.3735880901729616,10.848628029374227,9.675288787567284,91.6305344226932,51.102843459643736,0.4155270103186521,74.37140657633525,35.71109334007671
52,DT,MF4,"{'criterion': 'absolute_error', 'max_features': 1.0, 'min_samples_split': 8}",0.749785719323886,0.4668285656074437,0.368552511104628,11.589214188096207,10.718067821281847,94.34909514350196,58.58295696416184,0.3803314063025678,70.26106343455623,41.05076032307146
53,CB,MF6,"{'depth': 2, 'iterations': 25, 'learning_rate': 0.1}",0.7504972067795032,0.456517867875883,0.3673535548826359,11.937829027278998,10.396361464197682,103.35343750506216,61.13031214299173,0.2564094562460135,90.34147429965446,40.00797415901992
54,Ridge,MF3,"{'alpha': 10.0, 'fit_intercept': True}",0.7511020491566085,0.4371847173735537,0.3663334163134333,11.234867953118336,10.132006495194071,92.19840338322346,54.4100183286989,0.4082601633332633,74.16146192541756,37.7549485820175
55,Elastic,MF3,"{'alpha': 0.1, 'fit_intercept': True, 'l1_ratio': 0.4}",0.7515700802448553,0.4234360729873627,0.3655434622371288,11.009666172963154,9.810869695820596,92.12265229422984,52.091476036809645,0.4092321220892937,76.01860391551807,36.33666842575642
56,AB,MF1,"{'learning_rate': 0.1, 'n_estimators': 50}",0.7524900328827728,0.383394288181156,0.3639893099393938,10.180595907692416,8.915073259088022,87.79608505126131,47.33631926785676,0.4634202140598266,79.76986249719,31.892262450271463
57,CB,MF1,"{'depth': 3, 'iterations': 25, 'learning_rate': 0.1}",0.7533679075797948,0.459602118274329,0.3625044706640351,12.029874729273857,10.56170000880441,99.25763993228988,58.83692734559621,0.3141772361223933,88.05176010748362,40.24011184680375
58,GB,MF5,"{'learning_rate': 0.05, 'max_depth': 4, 'n_estimators': 25}",0.7537304958870644,0.4148316455610634,0.3618906827730458,11.145027133619308,9.60944824793664,93.64460889552043,51.70075974017642,0.3895507462996257,90.90002789764546,35.323636204954504
59,Elastic,MF1,"{'alpha': 0.1, 'fit_intercept': True, 'l1_ratio': 0.4}",0.7557752558667558,0.4563222315828842,0.358423793108059,11.826821418968713,10.597829138882492,93.4225566822742,55.21142281982537,0.3924423360651728,79.62067145603753,39.77253647056474
60,AB,MF3,"{'learning_rate': 0.1, 'n_estimators': 50}",0.7592235730051569,0.3703618475051293,0.3525558970893679,9.917321759836948,8.631168854707292,86.39765173804169,43.76296471475187,0.480377576534379,80.282791612572,30.388300849733625
61,AB,MF2,"{'learning_rate': 0.05, 'n_estimators': 50}",0.7609973239039369,0.3983147382423312,0.3495271553810833,10.513261134670213,9.208888899673296,88.94614663630503,49.3010973877783,0.4492705725006558,83.27742924805071,33.31155893036792
62,Lasso,MF2,"{'alpha': 0.1, 'fit_intercept': True}",0.7616372397657212,0.4435393659703517,0.3484327418071574,11.557088757520134,10.247797698489505,95.05515671599204,55.04087902112717,0.3710221217269503,81.51773535859674,38.27682197687933
63,Lasso,MF3,"{'alpha': 0.1, 'fit_intercept': True}",0.7621035281217599,0.4440556134078539,0.3476346946231106,11.569280607968462,10.258225762098704,95.10612189755162,55.11179029060538,0.370347469945716,81.62198754872759,38.32301153893736
64,LGBM,MF5,"{'learning_rate': 0.05, 'max_depth': 4, 'min_child_samples': 5, 'n_estimators': 25}",0.7629443088133759,0.4373509021182559,0.3461944737266768,11.580373373196377,9.97195901720317,103.17540509954496,59.074166488715136,0.2589690071900793,93.68605634879714,37.62866223416998
65,ET,MF3,"{'criterion': 'absolute_error', 'max_features': 1.0, 'min_samples_split': 10, 'n_estimators': 100}",0.7645910726055816,0.4621049760151264,0.3433690375635002,11.960534379769614,10.7348736887393,94.01111285626178,56.9101443825523,0.3847630731920285,82.2576100487149,40.151285633129376
66,CB,MF2,"{'depth': 2, 'iterations': 25, 'learning_rate': 0.1}",0.7661641930489803,0.4675946902292381,0.340664265646454,12.226924406299467,10.801125689623788,101.05918655720076,59.655232708907576,0.2890556564729127,87.520305508149,40.79179341345611
67,LGBM,MF2,"{'learning_rate': 0.05, 'max_depth': 2, 'min_child_samples': 5, 'n_estimators': 25}",0.7685749206020552,0.4670562323594531,0.3365085520927523,12.37629206263592,10.758246501606772,102.38596197973078,60.30865707480292,0.2702655706971052,93.1542178594863,40.752099733381165
68,CB,MF5,"{'depth': 3, 'iterations': 50, 'learning_rate': 0.05}",0.7695485803621408,0.4737488827072723,0.3348264151800783,12.337445098340106,10.82433663238449,105.22309917056263,62.32983481572517,0.2292630413573728,90.76271153424516,41.42783745650396
69,Elastic,MF4,"{'alpha': 0.1, 'fit_intercept': True, 'l1_ratio': 0.4}",0.7697822059063315,0.4403864544881003,0.3344224767317324,11.345374107475577,10.133965507257995,96.62851446479787,55.8746933190956,0.3500280532854021,79.1373732414246,37.77372188175857
70,Lasso,MF1,"{'alpha': 0.1, 'fit_intercept': True}",0.7709436133052309,0.4735182102947103,0.3324125840886621,12.294919401041474,10.96285890335438,96.18448503239073,57.4919834361172,0.3559878586362195,84.16040692465675,41.327159222802514
71,CB,MF4,"{'depth': 4, 'iterations': 25, 'learning_rate': 0.1}",0.7709658722933426,0.4737241381100407,0.3323740338377303,12.41424624175992,10.944664101938583,101.8706843079714,59.86724997807372,0.2775921546011888,88.16900836366246,41.373704979258
72,GB,MF1,"{'learning_rate': 0.05, 'max_depth': 4, 'n_estimators': 25}",0.7745500746989027,0.4421711114286797,0.326152049276096,11.498329077796686,10.28162997281641,94.61827809140816,53.96915582420206,0.3767904678517626,81.18153821871921,37.75835281038656
73,LGBM,MF3,"{'learning_rate': 0.05, 'max_depth': 2, 'min_child_samples': 5, 'n_estimators': 25}",0.7749712724556206,0.4780786691840606,0.3254189774565806,12.670562642112577,10.997482497754016,103.09296587471349,61.56789532919242,0.2601527314407678,95.52927178048223,41.80740248502084
74,LGBM,MF4,"{'learning_rate': 0.05, 'max_depth': 2, 'min_child_samples': 5, 'n_estimators': 25}",0.7761970373531146,0.4782393529139097,0.3232833326919321,12.644821770872683,10.993230507067464,103.26350011044828,61.70088682455764,0.2577030271231804,95.4362253603482,41.78008564518257
75,ET,MF5,"{'criterion': 'absolute_error', 'max_features': 1.0, 'min_samples_split': 10, 'n_estimators': 100}",0.7764675653137251,0.4763397144988133,0.3228115383563786,12.381122829521976,11.036972004246904,93.8071026034261,58.26026825118688,0.3874303845278866,87.8743550795795,41.42267763469576
76,AB,MF4,"{'learning_rate': 0.05, 'n_estimators': 100}",0.7770704179823459,0.4064180963908415,0.32175958623109,10.80894430586594,9.420259404854376,91.09120655956868,49.37499745377692,0.4223870572847831,87.48069926917472,33.89774843008206
77,GB,MF2,"{'learning_rate': 0.05, 'max_depth': 4, 'n_estimators': 25}",0.7782244798074064,0.446044113058303,0.3197435202834094,11.458887192248715,10.359791055539526,95.3424884469501,55.35773696778429,0.3672138391250088,77.10019160614955,38.07967127243559
78,Lasso,MF4,"{'alpha': 0.1, 'fit_intercept': True}",0.7790210786496314,0.4596930662250071,0.3183501720113223,11.830730633635543,10.54950750777622,100.0809781151412,58.54578195084483,0.3027523019496609,82.7363393239271,39.66554954848228
79,ET,MF4,"{'criterion': 'absolute_error', 'max_features': 1.0, 'min_samples_split': 10, 'n_estimators': 100}",0.7796863306207692,0.4920957528465632,0.3171854730679357,12.549537041852185,11.321004116328698,98.0576310251614,63.140434525015735,0.330659967261899,85.2776258760094,43.013629852934976
80,CB,MF3,"{'depth': 4, 'iterations': 25, 'learning_rate': 0.1}",0.779932463459775,0.46767738061771,0.3167543006883256,12.357730688753843,10.768450483145516,102.09625837253594,59.67607470268831,0.2743893314578161,94.60137435919604,40.53100303276469
81,HGB,MF6,"{'learning_rate': 0.05, 'max_iter': 50, 'max_leaf_nodes': 7, 'min_samples_leaf': 10}",0.7804341660542248,0.5013690831704755,0.3158750030386599,12.587474316151376,11.428800258537516,105.26313683128646,65.67355772878615,0.2286763949656377,82.07964106511872,44.17393878250632
82,AB,MF5,"{'learning_rate': 0.1, 'n_estimators': 50}",0.7824585647581457,0.3961790676550019,0.3123212427222142,10.577777209429472,9.129703881685112,90.96866771524078,48.79705711060746,0.4239400593219757,91.77342079757098,32.62805629617894
83,LGBM,MF1,"{'learning_rate': 0.05, 'max_depth': 2, 'min_child_samples': 5, 'n_estimators': 25}",0.7834310916123745,0.4907791928458005,0.3106107325184464,12.95808564449326,11.270190759949305,103.33861687831497,62.7803024710239,0.2566226990372189,97.3605325003619,42.95534281892286
84,Elastic,MF5,"{'alpha': 0.1, 'fit_intercept': True, 'l1_ratio': 0.7}",0.7874118682257101,0.4666804144568342,0.3035870723781796,11.988064346575827,10.71533717385717,99.77530725826816,59.04670624549469,0.3070049148503787,83.82224051879426,40.22038346606221
85,Elastic,MF6,"{'alpha': 0.1, 'fit_intercept': True, 'l1_ratio': 0.7}",0.7878588166370947,0.4671388744259789,0.3027962562813936,11.996108206127088,10.724443097141387,99.89297760789746,59.117517730214566,0.3053693787367866,83.84640106147513,40.260249545391794
86,XGB,MF5,"{'learning_rate': 0.05, 'max_depth': 2, 'n_estimators': 25}",0.7888259631112975,0.4965912170324584,0.3010834823679039,12.839332754823127,11.291221206777507,108.9189295854548,65.1991653074785,0.1741698468916891,97.33903296284528,43.42512012822428
87,Lasso,MF5,"{'alpha': 0.1, 'fit_intercept': True}",0.7902137835920247,0.4730422139884273,0.2986220422999228,12.146366531176808,10.853716619509186,101.63607582894676,59.85126970361195,0.280915737770762,84.3004321053529,40.87773283381016
88,Lasso,MF6,"{'alpha': 0.1, 'fit_intercept': True}",0.7902334416163935,0.4730600679453519,0.2985871457269503,12.14667730337416,10.854080329900343,101.64026371039012,59.85361103277096,0.2808564772836542,84.30118389851616,40.87922748129835
89,HGB,MF1,"{'learning_rate': 0.05, 'max_iter': 50, 'max_leaf_nodes': 7, 'min_samples_leaf': 5}",0.7920102528567461,0.4612504611460891,0.2954293969311792,11.845053963712626,10.563337212503091,97.16822644963564,57.77946070986537,0.3427470280189935,91.22913514766392,39.38972936700426
90,XGB,MF6,"{'learning_rate': 0.05, 'max_depth': 2, 'n_estimators': 25}",0.7925839220616004,0.4977893299970885,0.2944083575245041,12.859061129247234,11.32237228548608,109.0777861150142,65.24270862642425,0.171759169871468,97.34908915659716,43.45950232255288
91,GB,MF3,"{'learning_rate': 0.05, 'max_depth': 4, 'n_estimators': 25}",0.7965757983050852,0.4508712089705837,0.2872829857499508,11.91892140639884,10.517212686523289,95.3693500322818,54.4481112205996,0.3668572293034495,89.95349322239213,38.22216391818026
92,HGB,MF3,"{'learning_rate': 0.1, 'max_iter': 100, 'max_leaf_nodes': 7, 'min_samples_leaf': 10}",0.7993428940576446,0.5413863797419176,0.2823228009080765,13.838871288523697,12.414810954195444,102.12709306270078,67.29374838939844,0.2739509733994497,98.47068598430428,48.19773288695679
93,GB,MF4,"{'learning_rate': 0.05, 'max_depth': 4, 'n_estimators': 25}",0.8074446901775588,0.4825999944180782,0.2677009386328661,12.912627680913252,11.206499219228832,96.16146503462218,57.57575532591169,0.3562960868080886,99.5478990968395,41.41959055932168
94,HGB,MF4,"{'learning_rate': 0.1, 'max_iter': 50, 'max_leaf_nodes': 7, 'min_samples_leaf': 10}",0.80858811182002,0.5400719029228036,0.2656254541460543,13.572256791439065,12.291031597590058,106.1492804665077,68.9593509081016,0.2156351629567793,93.41038947506551,47.79634640519795
95,XGB,MF3,"{'learning_rate': 0.05, 'max_depth': 3, 'n_estimators': 25}",0.8106264155968639,0.4793559935412421,0.2619183378334834,12.732802148862891,10.944332132782634,105.62057798108422,61.69985761134209,0.2234291468710403,114.74888348989596,41.0344527754464
96,AB,MF6,"{'learning_rate': 0.1, 'n_estimators': 100}",0.8109491397582492,0.4220180780027035,0.2613305351269144,11.004862746581116,9.465855102443385,99.91617197666092,56.95758671955062,0.3050467656832125,101.88426157865604,34.74201111210505
97,Ridge,MF4,"{'alpha': 10.0, 'fit_intercept': True}",0.8142359272236206,0.4706217633180364,0.255330727070192,12.126356924927968,10.770696046380165,98.46197744191062,60.1648179243023,0.3251284598862763,93.27788553447684,39.85553656086192
98,HGB,MF5,"{'learning_rate': 0.05, 'max_iter': 50, 'max_leaf_nodes': 7, 'min_samples_leaf': 5}",0.8165282886311049,0.4060858924980699,0.2511318112007001,11.12899987350465,9.330534930419116,96.78617704133832,51.60454734787663,0.3479052874673793,123.3724229927858,32.84986020146597
99,XGB,MF4,"{'learning_rate': 0.05, 'max_depth': 2, 'n_estimators': 25}",0.8184729092103159,0.5442682104411971,0.2475605972931608,14.127611693987042,12.460552864174952,109.02983022668457,68.0231248227631,0.1724872795071438,104.31608905418696,47.9174727118417
100,HGB,MF2,"{'learning_rate': 0.05, 'max_iter': 50, 'max_leaf_nodes': 7, 'min_samples_leaf': 5}",0.8293431722826943,0.4758608188457592,0.2274413511838489,12.431217427050836,10.806755197510729,102.08376583192792,60.837661315182814,0.2745668926398878,115.80525342126865,40.06926773872614
101,Ridge,MF5,"{'alpha': 10.0, 'fit_intercept': True}",0.8426216482879447,0.5003333065248334,0.202504691405252,12.894820465865068,11.404843863323045,101.12759577697943,63.90778064744405,0.2880928225017932,104.4335905169722,42.36158868552789
102,MLP,MF1,"{'activation': 'tanh', 'alpha': 0.1, 'hidden_layer_sizes': (8,), 'learning_rate_init': 0.001}",0.8433319313406096,0.5383388523501467,0.2011596366105896,12.72683956830509,12.533226135548142,108.58014136953705,67.71597140482945,0.1792992839942174,63.23682072118786,46.82531824253719
103,Ridge,MF6,"{'alpha': 10.0, 'fit_intercept': True}",0.8544745059875979,0.5164697420616435,0.1799107274578669,13.234233459848616,11.766887233417291,103.32241118217574,65.88870037058672,0.256855835543419,104.83592916724793,43.806279538486685
104,LR,MF1,{'fit_intercept': True},0.9004945520345641,0.5522567342609698,0.0891956607428425,14.281856008648482,12.660010149777335,102.84944943426908,65.64876361792216,0.2636437977315979,123.53262053780574,46.60045915138288
105,MLP,MF3,"{'activation': 'tanh', 'alpha': 0.1, 'hidden_layer_sizes': (8,), 'learning_rate_init': 0.001}",0.9402370508034676,0.6193082161930664,0.0070265570462838,15.318207520481398,14.650524202929631,105.06465955764466,67.0178333564896,0.2315823672251756,89.78767024043779,53.00621463899304
106,MLP,MF4,"{'activation': 'tanh', 'alpha': 0.01, 'hidden_layer_sizes': (16, 8), 'learning_rate_init': 0.001}",0.9813200881934796,0.5933297207603327,-0.0816438617120962,12.972912861191624,14.030525032167962,112.9038939536848,70.51847675180005,0.1126359133263767,50.639941869959,49.67974085902421
107,MLP,MF2,"{'activation': 'tanh', 'alpha': 0.1, 'hidden_layer_sizes': (8,), 'learning_rate_init': 0.001}",1.015624609648619,0.6766889868331967,-0.1585888459313835,16.51627775336914,17.273206739988726,109.40112476439288,73.86738581571824,0.1668415930982845,80.48148686920364,57.21599579855281
108,MLP,MF6,"{'activation': 'tanh', 'alpha': 0.1, 'hidden_layer_sizes': (8,), 'learning_rate_init': 0.001}",1.0906956367600495,0.6908276947486072,-0.3361956795805785,16.49251403640028,15.999759063630371,124.26257998173546,80.54068903518896,-0.0748917744078487,109.04410494914292,55.73402975602211
109,MLP,MF5,"{'activation': 'tanh', 'alpha': 0.1, 'hidden_layer_sizes': (16, 8), 'learning_rate_init': 0.001}",1.116805936571124,0.6414872334727824,-0.4009361412455736,15.536445988003816,15.584234237421626,115.84626038263592,72.6062377151125,0.0657824003018823,102.40697346459878,50.7892214727034
110,LR,MF2,{'fit_intercept': True},1.2203869626930663,0.8074419473123275,-0.6728539669106197,20.237148301916648,19.61182242934264,169.58159140150977,108.94040289729269,-1.0018955757494323,211.831812421843,64.24100197775195
111,LR,MF5,{'fit_intercept': True},2.50643876834334,1.2575897427619651,-6.056301198185275,30.835032019288143,24.78418741538225,3106.2375725776224,701.7912104936256,-670.6659678412998,1181.4864982220186,69.74540049387943
112,LR,MF3,{'fit_intercept': True},2.7355553631929763,1.5816962303464723,-7.405313742649332,39.5120698690582,31.74469422956659,383395.7926054334,68206.92186564769,-10232426.872124802,261272.9859804605,88.7029345230078
113,LR,MF4,{'fit_intercept': True},3.457083658299721,2.155339313176605,-12.424023075751633,51.941787701128064,48.20786531233745,69363.2253178414,12909.087841549386,-334920.14336387266,51011.02398622521,98.38323902621455
114,LR,MF6,{'fit_intercept': True},36.9348990935808,18.467200563884543,-1531.2751040486569,436.5827453863845,112.8168305278559,2.222614802697741e+20,3.929064997383583e+19,-3.438843499304136e+36,1.2593157042935284e+19,167.3429377693078
